date,J
2011-05-20,274.9
2011-05-21,272.0
2011-05-22,266.0
2011-05-23,272.1
2011-05-24,268.8
2011-05-25,270.1
2011-05-26,269.8
2011-05-27,266.4
2011-05-28,266.3
2011-05-29,258.5
2011-05-30,263.5
2011-05-31,262.0
2011-06-01,265.4
2011-06-02,268.5
2011-06-03,266.4
2011-06-05,250.0
2011-06-06,258.8
2011-06-07,259.3
2011-06-08,259.2
2011-06-09,257.4
2011-06-10,253.5
2011-06-11,239.7
2011-06-12,258.9
2011-06-13,260.7
2011-06-14,256.2
2011-06-15,257.4
2011-06-16,258.0
2011-06-17,251.5
2011-06-18,247.4
2011-06-19,247.7
2011-06-20,252.9
2011-06-21,253.7
2011-06-22,250.9
2011-06-23,239.6
2011-06-24,231.5
2011-06-25,232.7
2011-06-26,239.7
2011-06-27,246.8
2011-06-28,251.3
2011-06-29,251.5
2011-06-30,252.3
2011-07-01,256.8
2011-07-02,254.8
2011-07-03,256.6
2011-07-04,254.6
2011-07-05,256.9
2011-07-06,257.2
2011-07-07,256.2
2011-07-08,259.8
2011-07-09,262.2
2011-07-10,266.2
2011-07-11,254.5
2011-07-12,249.7
2011-07-13,255.0
2011-07-14,257.6
2011-07-15,256.8
2011-07-16,257.3
2011-07-17,261.0
2011-07-18,262.5
2011-07-19,261.2
2011-07-20,256.8
2011-07-21,252.9
2011-07-22,254.3
2011-07-23,256.6
2011-07-24,261.8
2011-07-25,261.9
2011-07-26,264.4
2011-07-27,265.0
2011-07-28,267.1
2011-07-29,265.4
2011-07-30,267.2
2011-07-31,260.9
2011-08-01,259.0
2011-08-02,261.2
2011-08-03,264.3
2011-08-04,263.7
2011-08-05,259.6
2011-08-06,232.6
2011-08-07,243.3
2011-08-08,252.9
2011-08-09,258.4
2011-08-10,258.8
2011-08-11,261.2
2011-08-12,258.1
2011-08-13,258.5
2011-08-14,260.0
2011-08-15,261.7
2011-08-16,257.5
2011-08-17,259.7
2011-08-18,259.3
2011-08-19,261.9
2011-08-20,266.4
2011-08-21,269.0
2011-08-22,269.4
2011-08-23,267.8
2011-08-24,265.4
2011-08-25,266.0
2011-08-26,266.9
2011-08-27,265.6
2011-08-28,266.7
2011-08-29,265.4
2011-08-30,267.7
2011-08-31,269.2
2011-09-01,272.7
2011-09-02,273.4
2011-09-03,271.2
2011-09-04,271.9
2011-09-05,270.7
2011-09-06,273.1
2011-09-07,271.5
2011-09-08,274.5
2011-09-09,269.7
2011-09-10,254.3
2011-09-11,254.5
2011-09-12,251.6
2011-09-13,252.9
2011-09-14,253.3
2011-09-15,256.6
2011-09-16,257.3
2011-09-17,249.1
2011-09-18,242.4
2011-09-19,263.7
2011-09-20,260.3
2011-09-21,261.8
2011-09-22,267.8
2011-09-23,264.7
2011-09-24,267.1
2011-09-25,265.1
2011-09-26,255.5
2011-09-27,226.4
2011-09-28,229.3
2011-09-29,234.1
2011-09-30,237.3
2011-10-01,240.2
2011-10-02,244.3
2011-10-03,245.9
2011-10-04,249.6
2011-10-05,251.3
2011-10-06,247.5
2011-10-07,251.3
2011-10-08,254.6
2011-10-09,249.6
2011-10-10,249.9
2011-10-11,253.5
2011-10-12,249.3
2011-10-13,249.0
2011-10-14,251.0
2011-10-15,245.7
2011-10-16,247.7
2011-10-17,253.0
2011-10-18,256.2
2011-10-19,261.5
2011-10-20,263.7
2011-10-21,264.4
2011-10-22,265.5
2011-10-23,265.8
2011-10-24,265.0
2011-10-25,240.1
2011-10-26,249.1
2011-10-27,254.3
2011-10-28,258.7
2011-10-29,265.8
2011-10-30,266.3
2011-10-31,263.0
2011-11-01,258.0
2011-11-02,252.8
2011-11-03,254.9
2011-11-04,258.6
2011-11-05,261.4
2011-11-06,260.6
2011-11-07,264.2
2011-11-08,261.3
2011-11-09,267.5
2011-11-10,263.9
2011-11-11,258.3
2011-11-12,262.7
2011-11-13,260.5
2011-11-14,263.3
2011-11-15,262.2
2011-11-16,260.8
2011-11-17,260.8
2011-11-18,264.9
2011-11-19,262.7
2011-11-20,268.3
2011-11-21,271.5
2011-11-22,263.4
2011-11-23,259.0
2011-11-24,265.2
2011-11-25,265.2
2011-11-26,266.4
2011-11-27,266.0
2011-11-28,269.2
2011-11-29,260.1
2011-11-30,261.7
2011-12-01,271.4
2011-12-02,270.5
2011-12-03,265.3
2011-12-04,267.8
2011-12-05,269.7
2011-12-06,265.9
2011-12-07,268.8
2011-12-08,266.4
2011-12-09,270.1
2011-12-10,273.8
2011-12-11,269.7
2011-12-12,272.4
2011-12-13,274.8
2011-12-14,277.8
2011-12-15,277.3
2011-12-16,279.3
2011-12-17,280.5
2011-12-18,283.0
2011-12-19,275.0
2011-12-20,272.2
2011-12-21,269.1
2011-12-22,267.8
2011-12-23,265.7
2011-12-24,268.7
2011-12-25,269.0
2011-12-26,267.6
2011-12-27,271.7
2011-12-28,268.6
2011-12-29,266.0
2011-12-30,260.0
2011-12-31,264.3
2012-01-01,266.0
2012-01-02,265.3
2012-01-03,261.5
2012-01-04,261.7
2012-01-05,263.1
2012-01-06,270.7
2012-01-07,269.1
2012-01-08,274.7
2012-01-09,274.9
2012-01-10,273.9
2012-01-11,272.4
2012-01-12,275.7
2012-01-13,272.0
2012-01-14,270.4
2012-01-15,274.4
2012-01-16,268.0
2012-01-17,269.2
2012-01-18,271.2
2012-01-19,271.4
2012-01-20,271.7
2012-01-21,271.3
2012-01-22,265.8
2012-01-23,250.5
2012-01-24,255.2
2012-01-25,242.7
2012-01-26,247.8
2012-01-27,250.6
2012-01-28,252.2
2012-01-29,251.7
2012-01-30,251.4
2012-01-31,246.7
2012-02-01,228.0
2012-02-02,240.7
2012-02-03,254.9
2012-02-04,262.8
2012-02-05,263.4
2012-02-06,263.4
2012-02-07,265.0
2012-02-08,263.3
2012-02-09,267.1
2012-02-10,262.5
2012-02-11,263.6
2012-02-12,262.6
2012-02-13,259.2
2012-02-14,253.8
2012-02-15,246.2
2012-02-16,248.9
2012-02-17,252.0
2012-02-18,252.5
2012-02-19,252.1
2012-02-20,255.3
2012-02-21,260.0
2012-02-22,265.5
2012-02-23,261.6
2012-02-24,266.0
2012-02-25,261.8
2012-02-26,260.7
2012-02-27,246.5
2012-02-28,243.8
2012-02-29,246.7
2012-03-01,250.2
2012-03-02,252.1
2012-03-03,255.3
2012-03-04,254.2
2012-03-05,253.7
2012-03-06,251.4
2012-03-07,247.7
2012-03-08,202.3
2012-03-09,170.3
2012-03-10,187.8
2012-03-11,200.0
2012-03-12,187.6
2012-03-13,192.7
2012-03-14,205.2
2012-03-15,209.0
2012-03-16,206.4
2012-03-17,217.4
2012-03-18,225.7
2012-03-19,227.6
2012-03-20,228.5
2012-03-21,232.5
2012-03-22,236.9
2012-03-23,242.6
2012-03-24,243.3
2012-03-25,246.5
2012-03-26,248.3
2012-03-27,247.9
2012-03-28,243.7
2012-03-29,244.8
2012-03-30,245.4
2012-03-31,244.9
2012-04-01,245.4
2012-04-02,242.6
2012-04-03,245.4
2012-04-04,249.0
2012-04-05,248.2
2012-04-06,228.8
2012-04-07,235.3
2012-04-08,242.7
2012-04-09,240.9
2012-04-10,248.8
2012-04-11,245.8
2012-04-12,248.6
2012-04-13,253.6
2012-04-14,258.8
2012-04-15,265.7
2012-04-16,264.8
2012-04-17,265.6
2012-04-18,265.6
2012-04-19,267.5
2012-04-20,267.0
2012-04-21,263.9
2012-04-22,259.1
2012-04-23,261.7
2012-04-24,256.2
2012-04-25,247.8
2012-04-26,247.1
2012-04-27,246.8
2012-04-28,251.7
2012-04-29,253.5
2012-04-30,258.1
2012-05-01,260.1
2012-05-02,264.0
2012-05-03,265.9
2012-05-04,257.7
2012-05-05,257.2
2012-05-06,263.3
2012-05-07,261.0
2012-05-08,261.7
2012-05-09,256.8
2012-05-10,260.7
2012-05-11,260.6
2012-05-12,258.2
2012-05-13,252.9
2012-05-14,256.4
2012-05-15,255.4
2012-05-16,255.1
2012-05-17,259.4
2012-05-18,256.4
2012-05-19,257.0
2012-05-20,258.7
2012-05-21,255.8
2012-05-22,254.9
2012-05-23,254.9
2012-05-24,255.2
2012-05-25,250.7
2012-05-26,254.6
2012-05-27,255.5
2012-05-28,257.5
2012-05-29,259.5
2012-05-30,256.5
2012-05-31,240.1
2012-06-01,238.3
2012-06-02,239.4
2012-06-03,237.9
2012-06-04,242.1
2012-06-05,241.6
2012-06-06,238.1
2012-06-07,240.1
2012-06-08,240.2
2012-06-09,238.5
2012-06-10,243.7
2012-06-11,245.6
2012-06-12,248.9
2012-06-13,253.3
2012-06-14,255.5
2012-06-15,255.7
2012-06-16,251.7
2012-06-17,229.6
2012-06-18,229.3
2012-06-19,242.0
2012-06-20,244.9
2012-06-21,246.2
2012-06-22,247.3
2012-06-23,250.1
2012-06-24,253.2
2012-06-25,253.4
2012-06-26,254.7
2012-06-27,251.1
2012-06-28,252.1
2012-06-29,254.0
2012-06-30,250.6
2012-07-01,249.2
2012-07-02,253.4
2012-07-03,248.5
2012-07-04,245.8
2012-07-05,235.6
2012-07-06,236.2
2012-07-07,237.8
2012-07-08,231.9
2012-07-09,233.0
2012-07-10,240.0
2012-07-11,237.3
2012-07-12,241.5
2012-07-13,241.5
2012-07-14,241.3
2012-07-15,202.0
2012-07-16,206.0
2012-07-17,225.0
2012-07-18,228.0
2012-07-19,218.1
2012-07-20,210.4
2012-07-21,208.7
2012-07-22,210.1
2012-07-23,210.5
2012-07-24,215.9
2012-07-25,218.9
2012-07-26,221.7
2012-07-27,218.7
2012-07-28,215.2
2012-07-29,219.0
2012-07-30,217.4
2012-07-31,223.6
2012-08-01,222.0
2012-08-02,217.7
2012-08-03,219.0
2012-08-04,217.9
2012-08-05,215.3
2012-08-06,214.5
2012-08-07,214.7
2012-08-08,216.8
2012-08-09,216.2
2012-08-10,216.3
2012-08-11,214.7
2012-08-12,215.6
2012-08-13,217.7
2012-08-14,215.8
2012-08-15,216.3
2012-08-16,216.4
2012-08-17,218.4
2012-08-18,220.7
2012-08-19,215.8
2012-08-20,214.1
2012-08-21,215.7
2012-08-22,217.8
2012-08-23,226.2
2012-08-24,225.8
2012-08-25,225.0
2012-08-26,222.0
2012-08-27,221.5
2012-08-28,224.3
2012-08-29,225.5
2012-08-30,228.8
2012-08-31,230.7
2012-09-01,226.8
2012-09-02,231.5
2012-09-03,225.7
2012-09-04,215.7
2012-09-05,204.4
2012-09-06,209.5
2012-09-07,219.3
2012-09-08,225.5
2012-09-09,225.3
2012-09-10,227.8
2012-09-11,230.9
2012-09-12,231.7
2012-09-13,230.2
2012-09-14,229.8
2012-09-15,230.9
2012-09-16,232.6
2012-09-17,236.3
2012-09-18,235.6
2012-09-19,231.9
2012-09-20,231.3
2012-09-21,234.1
2012-09-22,234.7
2012-09-23,238.4
2012-09-24,238.2
2012-09-25,239.2
2012-09-26,236.6
2012-09-27,233.4
2012-09-28,234.3
2012-09-29,239.0
2012-09-30,237.0
2012-10-01,227.5
2012-10-02,223.5
2012-10-03,230.8
2012-10-04,234.6
2012-10-05,237.5
2012-10-06,240.2
2012-10-07,234.7
2012-10-08,223.3
2012-10-09,221.3
2012-10-10,218.6
2012-10-11,220.0
2012-10-12,219.2
2012-10-13,212.4
2012-10-14,216.3
2012-10-15,219.9
2012-10-16,223.0
2012-10-17,226.6
2012-10-18,224.4
2012-10-19,224.9
2012-10-20,226.1
2012-10-21,228.5
2012-10-22,230.8
2012-10-23,232.2
2012-10-24,230.9
2012-10-25,231.6
2012-10-26,231.2
2012-10-27,232.6
2012-10-28,231.4
2012-10-29,232.8
2012-10-30,235.0
2012-10-31,232.4
2012-11-02,231.0
2012-11-03,235.3
2012-11-04,235.6
2012-11-05,236.2
2012-11-06,235.3
2012-11-07,232.8
2012-11-08,231.9
2012-11-09,238.6
2012-11-10,239.8
2012-11-11,240.0
2012-11-12,242.5
2012-11-13,225.3
2012-11-14,228.7
2012-11-15,225.8
2012-11-16,230.0
2012-11-17,234.1
2012-11-18,235.8
2012-11-19,234.7
2012-11-20,230.6
2012-11-21,230.4
2012-11-22,228.9
2012-11-23,230.8
2012-11-24,220.5
2012-11-25,215.5
2012-11-26,219.3
2012-11-27,217.8
2012-11-28,223.6
2012-11-29,219.5
2012-11-30,223.3
2012-12-01,226.8
2012-12-02,225.2
2012-12-03,223.3
2012-12-04,223.6
2012-12-05,225.8
2012-12-06,229.7
2012-12-07,234.1
2012-12-08,236.0
2012-12-09,236.3
2012-12-10,239.2
2012-12-11,236.8
2012-12-12,235.9
2012-12-13,237.0
2012-12-14,236.9
2012-12-15,234.8
2012-12-16,232.0
2012-12-17,234.0
2012-12-18,239.0
2012-12-19,237.9
2012-12-20,233.5
2012-12-21,230.4
2012-12-22,232.6
2012-12-23,235.6
2012-12-24,238.1
2012-12-25,240.9
2012-12-26,241.4
2012-12-27,244.0
2012-12-28,240.4
2012-12-29,242.8
2012-12-30,238.5
2012-12-31,239.7
2013-01-01,242.4
2013-01-02,241.1
2013-01-03,240.7
2013-01-04,241.8
2013-01-05,244.4
2013-01-06,239.1
2013-01-07,241.6
2013-01-08,240.3
2013-01-09,241.9
2013-01-10,241.2
2013-01-11,245.1
2013-01-12,246.3
2013-01-13,246.0
2013-01-14,246.5
2013-01-15,248.2
2013-01-16,245.7
2013-01-17,237.6
2013-01-18,239.2
2013-01-19,236.1
2013-01-20,233.5
2013-01-21,238.6
2013-01-22,241.7
2013-01-23,245.9
2013-01-24,249.4
2013-01-25,248.5
2013-01-26,247.7
2013-01-27,243.0
2013-01-28,243.4
2013-01-29,242.0
2013-01-30,248.3
2013-01-31,249.7
2013-02-01,248.4
2013-02-02,247.1
2013-02-03,250.0
2013-02-04,249.0
2013-02-05,248.2
2013-02-06,246.4
2013-02-07,248.0
2013-02-08,246.0
2013-02-09,246.0
2013-02-10,247.9
2013-02-11,249.2
2013-02-12,247.7
2013-02-13,246.4
2013-02-14,245.0
2013-02-15,250.9
2013-02-16,254.5
2013-02-17,244.1
2013-02-18,247.4
2013-02-19,248.2
2013-02-20,250.4
2013-02-21,250.8
2013-02-22,248.7
2013-02-23,248.3
2013-02-24,246.0
2013-02-25,247.9
2013-02-26,247.0
2013-02-27,247.8
2013-02-28,247.0
2013-03-01,245.5
2013-03-02,245.3
2013-03-03,247.7
2013-03-04,244.0
2013-03-05,249.0
2013-03-06,251.4
2013-03-07,249.2
2013-03-08,247.7
2013-03-09,248.4
2013-03-10,249.4
2013-03-11,248.7
2013-03-12,249.3
2013-03-13,246.7
2013-03-14,248.1
2013-03-15,238.7
2013-03-16,236.1
2013-03-17,217.4
2013-03-18,207.6
2013-03-19,207.7
2013-03-20,213.8
2013-03-21,216.8
2013-03-22,220.2
2013-03-23,224.4
2013-03-24,229.1
2013-03-25,229.6
2013-03-26,230.1
2013-03-27,233.1
2013-03-28,236.5
2013-03-29,235.5
2013-03-30,234.3
2013-03-31,237.5
2013-04-01,238.4
2013-04-02,241.5
2013-04-03,244.2
2013-04-04,244.5
2013-04-05,248.0
2013-04-06,243.5
2013-04-07,241.7
2013-04-08,241.5
2013-04-09,244.9
2013-04-10,244.0
2013-04-11,241.1
2013-04-12,240.5
2013-04-13,243.1
2013-04-14,230.6
2013-04-15,221.5
2013-04-16,227.4
2013-04-17,229.1
2013-04-18,230.1
2013-04-19,231.2
2013-04-20,235.7
2013-04-21,236.6
2013-04-22,236.2
2013-04-23,233.2
2013-04-24,229.2
2013-04-25,232.0
2013-04-26,235.1
2013-04-27,239.4
2013-04-28,241.7
2013-04-29,241.9
2013-04-30,237.0
2013-05-01,235.2
2013-05-02,235.8
2013-05-03,239.3
2013-05-04,238.0
2013-05-05,237.5
2013-05-06,230.5
2013-05-07,224.9
2013-05-08,223.9
2013-05-09,228.1
2013-05-10,226.6
2013-05-11,227.4
2013-05-12,228.1
2013-05-13,226.0
2013-05-14,224.1
2013-05-15,215.9
2013-05-16,209.6
2013-05-17,208.6
2013-05-18,200.9
2013-05-19,200.4
2013-05-20,200.4
2013-05-21,194.1
2013-05-22,194.8
2013-05-23,196.9
2013-05-24,201.6
2013-05-25,198.7
2013-05-26,191.1
2013-05-27,199.6
2013-05-28,203.8
2013-05-29,208.1
2013-05-30,209.8
2013-05-31,212.2
2013-06-01,205.8
2013-06-02,208.2
2013-06-03,208.1
2013-06-04,210.8
2013-06-05,210.5
2013-06-06,208.5
2013-06-07,199.0
2013-06-08,201.9
2013-06-09,201.9
2013-06-10,201.0
2013-06-11,202.4
2013-06-12,205.7
2013-06-13,207.6
2013-06-14,210.7
2013-06-15,210.9
2013-06-16,211.7
2013-06-17,212.9
2013-06-18,215.3
2013-06-19,216.5
2013-06-20,217.6
2013-06-21,219.1
2013-06-22,220.2
2013-06-23,208.5
2013-06-24,203.2
2013-06-25,206.2
2013-06-26,205.6
2013-06-27,206.6
2013-06-28,201.2
2013-06-29,206.0
2013-06-30,208.4
2013-07-01,213.2
2013-07-02,215.4
2013-07-03,218.8
2013-07-04,214.6
2013-07-05,211.7
2013-07-06,209.7
2013-07-07,212.0
2013-07-08,214.5
2013-07-09,212.1
2013-07-10,204.5
2013-07-11,201.5
2013-07-12,204.4
2013-07-13,192.4
2013-07-14,201.0
2013-07-15,202.3
2013-07-16,203.9
2013-07-17,209.3
2013-07-18,213.5
2013-07-19,216.1
2013-07-20,219.8
2013-07-21,220.9
2013-07-22,219.7
2013-07-23,221.3
2013-07-24,221.5
2013-07-25,223.9
2013-07-26,217.3
2013-07-27,221.5
2013-07-28,217.8
2013-07-29,213.8
2013-07-30,215.1
2013-07-31,213.1
2013-08-01,217.5
2013-08-02,216.1
2013-08-03,216.8
2013-08-04,215.1
2013-08-05,207.9
2013-08-06,209.9
2013-08-07,210.3
2013-08-08,213.1
2013-08-09,216.5
2013-08-10,213.4
2013-08-11,210.6
2013-08-12,212.0
2013-08-13,212.8
2013-08-14,215.1
2013-08-15,215.6
2013-08-16,217.2
2013-08-17,221.6
2013-08-18,220.2
2013-08-19,220.8
2013-08-20,222.0
2013-08-21,216.0
2013-08-22,215.3
2013-08-23,214.6
2013-08-24,210.0
2013-08-25,209.7
2013-08-26,209.7
2013-08-27,209.4
2013-08-28,211.3
2013-08-29,210.2
2013-08-30,208.5
2013-08-31,208.0
2013-09-01,207.2
2013-09-02,207.5
2013-09-03,198.9
2013-09-04,200.8
2013-09-05,201.4
2013-09-06,201.7
2013-09-07,205.9
2013-09-08,207.3
2013-09-09,210.5
2013-09-12,213.6
2013-09-13,215.4
2013-09-14,212.9
2013-09-15,215.8
2013-09-16,216.3
2013-09-17,212.7
2013-09-18,213.6
2013-09-19,210.7
2013-09-20,214.2
2013-09-21,215.5
2013-09-22,215.5
2013-09-23,216.9
2013-09-24,215.1
2013-09-25,214.5
2013-09-26,213.4
2013-09-27,219.4
2013-09-28,220.3
2013-09-29,218.3
2013-09-30,217.1
2013-10-01,218.0
2013-10-02,205.1
2013-10-03,205.1
2013-10-04,216.8
2013-10-05,219.2
2013-10-06,223.6
2013-10-07,224.8
2013-10-08,225.0
2013-10-09,217.8
2013-10-10,218.9
2013-10-11,220.5
2013-10-12,226.0
2013-10-13,225.2
2013-10-14,223.4
2013-10-15,218.8
2013-10-16,216.1
2013-10-17,215.2
2013-10-18,218.9
2013-10-19,217.9
2013-10-20,221.2
2013-10-26,226.0
2013-10-27,227.5
2013-10-28,226.9
2013-10-29,225.4
2013-10-30,215.5
2013-10-31,214.3
2013-11-01,214.9
2013-11-02,217.7
2013-11-03,219.5
2013-11-04,219.3
2013-11-05,223.5
2013-11-06,222.6
2013-11-07,219.5
2013-11-08,222.8
2013-11-09,217.3
2013-11-10,216.1
2013-11-11,208.1
2013-11-12,212.4
2013-11-13,211.7
2013-11-14,209.4
2013-11-15,211.1
2013-11-16,214.5
2013-11-17,213.7
2013-11-18,217.2
2013-11-19,219.8
2013-11-20,217.5
2013-11-21,218.5
2013-11-22,220.1
2013-11-23,220.5
2013-11-24,218.1
2013-11-25,220.0
2013-11-26,221.0
2013-11-27,215.6
2013-11-28,215.9
2013-11-29,217.7
2013-11-30,221.7
2013-12-01,213.7
2013-12-02,208.7
2013-12-03,210.5
2013-12-04,210.5
2013-12-05,213.0
2013-12-06,216.0
2013-12-07,214.9
2013-12-08,210.5
2013-12-09,209.5
2013-12-10,207.3
2013-12-11,208.2
2013-12-12,213.6
2013-12-13,215.4
2013-12-14,211.0
2013-12-15,200.4
2013-12-16,200.6
2013-12-17,208.5
2013-12-18,213.5
2013-12-19,212.7
2013-12-20,213.6
2013-12-21,213.3
2013-12-22,215.4
2013-12-23,216.3
2013-12-24,217.9
2013-12-25,215.4
2013-12-26,218.1
2013-12-27,219.5
2013-12-28,221.6
2013-12-29,225.5
2013-12-30,223.5
2013-12-31,222.3
2014-01-01,217.0
2014-01-02,212.9
2014-01-03,209.7
2014-01-04,213.6
2014-01-05,217.8
2014-01-06,216.5
2014-01-07,221.5
2014-01-08,212.6
2014-01-09,213.7
2014-01-10,203.1
2014-01-11,198.7
2014-01-12,204.8
2014-01-13,207.5
2014-01-14,214.7
2014-01-15,217.0
2014-01-16,219.6
2014-01-17,219.6
2014-01-18,220.2
2014-01-19,221.4
2014-01-20,222.6
2014-01-21,221.7
2014-01-22,219.2
2014-01-23,216.2
2014-01-24,219.3
2014-01-25,217.8
2014-01-26,216.2
2014-01-27,216.0
2014-01-28,214.3
2014-01-29,214.2
2014-01-30,215.9
2014-01-31,218.0
2014-02-01,220.4
2014-02-02,221.2
2014-02-03,221.8
2014-02-04,212.6
2014-02-05,214.5
2014-02-06,209.9
2014-02-07,211.9
2014-02-08,211.4
2014-02-09,213.9
2014-02-10,217.1
2014-02-11,214.2
2014-02-12,208.0
2014-02-13,208.9
2014-02-14,212.8
2014-02-15,209.4
2014-02-16,197.2
2014-02-17,201.0
2014-02-18,202.2
2014-02-19,206.1
2014-02-20,199.3
2014-02-21,192.0
2014-02-22,192.2
2014-02-23,194.6
2014-02-24,197.1
2014-02-25,198.4
2014-02-26,200.9
2014-02-27,203.1
2014-02-28,184.6
2014-03-01,182.2
2014-03-02,181.9
2014-03-03,186.4
2014-03-04,190.0
2014-03-05,194.5
2014-03-06,197.7
2014-03-07,200.4
2014-03-08,204.9
2014-03-09,206.9
2014-03-10,209.9
2014-03-11,211.9
2014-03-12,211.4
2014-03-13,207.1
2014-03-14,204.8
2014-03-15,205.0
2014-03-16,207.1
2014-03-17,209.9
2014-03-18,211.7
2014-03-19,210.8
2014-03-20,212.3
2014-03-21,207.8
2014-03-22,212.8
2014-03-23,210.9
2014-03-24,211.3
2014-03-25,210.5
2014-03-26,207.0
2014-03-27,202.8
2014-03-28,202.8
2014-03-29,205.0
2014-03-30,211.1
2014-03-31,212.3
2014-04-01,217.0
2014-04-02,217.0
2014-04-03,218.6
2014-04-04,217.6
2014-04-05,216.7
2014-04-06,207.3
2014-04-07,207.7
2014-04-08,205.0
2014-04-09,206.1
2014-04-10,206.2
2014-04-11,208.1
2014-04-12,207.7
2014-04-13,212.2
2014-04-14,213.9
2014-04-15,218.1
2014-04-16,217.2
2014-04-17,222.4
2014-04-18,211.3
2014-04-19,203.7
2014-04-20,200.3
2014-04-21,200.4
2014-04-22,200.9
2014-04-23,203.8
2014-04-24,202.4
2014-04-25,207.6
2014-04-26,209.4
2014-04-27,212.2
2014-04-28,215.7
2014-04-29,218.3
2014-04-30,219.5
2014-05-01,222.2
2014-05-02,224.7
2014-05-03,221.9
2014-05-04,216.2
2014-05-05,215.3
2014-05-06,216.8
2014-05-07,216.1
2014-05-08,216.3
2014-05-09,220.0
2014-05-10,220.3
2014-05-11,224.6
2014-05-12,227.0
2014-05-13,230.3
2014-05-14,228.9
2014-05-15,230.7
2014-05-16,225.7
2014-05-17,224.5
2014-05-18,226.4
2014-05-19,225.7
2014-05-20,225.1
2014-05-21,225.9
2014-05-22,221.8
2014-05-23,212.1
2014-05-24,209.5
2014-05-25,210.9
2014-05-26,211.1
2014-05-27,214.5
2014-05-28,216.0
2014-05-29,217.2
2014-05-30,214.4
2014-05-31,210.6
2014-06-01,213.4
2014-06-02,219.3
2014-06-03,220.2
2014-06-04,221.5
2014-06-05,225.8
2014-06-06,226.5
2014-06-07,225.7
2014-06-08,214.1
2014-06-09,218.7
2014-06-10,222.2
2014-06-11,224.7
2014-06-12,223.9
2014-06-13,228.8
2014-06-14,228.8
2014-06-15,224.1
2014-06-16,221.0
2014-06-17,211.6
2014-06-18,204.6
2014-06-19,198.8
2014-06-20,196.4
2014-06-21,198.9
2014-06-22,200.7
2014-06-23,202.4
2014-06-24,205.4
2014-06-25,204.9
2014-06-26,204.2
2014-06-27,204.3
2014-06-28,206.5
2014-06-29,206.7
2014-06-30,207.7
2014-07-01,209.8
2014-07-02,210.0
2014-07-03,209.7
2014-07-04,213.5
2014-07-05,212.6
2014-07-06,213.9
2014-07-07,213.6
2014-07-08,215.6
2014-07-09,216.0
2014-07-10,211.1
2014-07-11,212.9
2014-07-12,215.5
2014-07-13,215.8
2014-07-14,214.4
2014-07-15,208.8
2014-07-16,209.7
2014-07-17,209.3
2014-07-18,215.4
2014-07-19,217.6
2014-07-20,218.1
2014-07-21,217.5
2014-07-22,222.4
2014-07-23,226.2
2014-07-24,226.6
2014-07-25,224.7
2014-07-26,224.0
2014-07-27,223.4
2014-07-28,221.0
2014-07-29,219.9
2014-07-30,222.5
2014-07-31,224.6
2014-08-01,227.3
2014-08-02,228.7
2014-08-03,228.8
2014-08-04,227.8
2014-08-05,225.8
2014-08-06,225.4
2014-08-07,225.9
2014-08-08,220.1
2014-08-09,222.4
2014-08-10,224.3
2014-08-11,223.9
2014-08-12,221.9
2014-08-13,222.5
2014-08-14,222.9
2014-08-15,226.4
2014-08-16,229.6
2014-08-17,228.6
2014-08-18,229.2
2014-08-19,230.1
2014-08-20,232.5
2014-08-21,232.5
2014-08-22,234.7
2014-08-23,234.3
2014-08-24,235.0
2014-08-25,236.8
2014-08-26,238.4
2014-08-27,237.4
2014-08-28,238.3
2014-08-29,239.1
2014-08-30,236.4
2014-08-31,237.3
2014-09-01,238.3
2014-09-02,237.3
2014-09-03,239.6
2014-09-04,241.0
2014-09-05,236.3
2014-09-06,227.0
2014-09-07,218.0
2014-09-08,216.5
2014-09-09,216.5
2014-09-10,217.8
2014-09-11,217.5
2014-09-12,208.7
2014-09-13,189.6
2014-09-14,195.8
2014-09-15,210.0
2014-09-16,218.8
2014-09-17,223.9
2014-09-18,222.7
2014-09-19,230.9
2014-09-20,242.8
2014-09-21,249.4
2014-09-22,252.6
2014-09-23,251.4
2014-09-24,249.9
2014-09-25,244.9
2014-09-26,242.3
2014-09-27,239.0
2014-09-28,236.1
2014-09-29,235.8
2014-11-29,238.9
2014-11-30,238.2
2014-12-01,231.3
2014-12-02,216.9
2014-12-03,215.9
2014-12-04,211.7
2014-12-05,207.7
2014-12-06,206.0
2014-12-07,208.4
2014-12-08,209.2
2014-12-09,213.8
2014-12-10,216.6
2014-12-11,221.7
2014-12-12,224.5
2014-12-13,226.7
2014-12-14,230.9
2014-12-15,238.8
2014-12-16,241.3
2014-12-17,247.2
2014-12-18,246.1
2014-12-19,244.5
2014-12-20,243.5
2014-12-21,233.9
2014-12-22,204.0
2014-12-23,195.8
2014-12-24,194.1
2014-12-25,197.5
2014-12-26,198.6
2014-12-27,201.7
2014-12-28,204.9
2014-12-29,201.8
2014-12-30,199.1
2014-12-31,198.8
2015-01-01,199.7
2015-01-02,202.6
2015-01-03,207.8
2015-01-04,215.3
2015-01-05,215.0
2015-01-06,217.9
2015-01-07,213.2
2015-01-08,217.8
2015-01-09,222.3
2015-01-10,230.5
2015-01-11,235.0
2015-01-12,237.2
2015-01-13,237.2
2015-01-14,239.5
2015-01-15,241.3
2015-01-16,233.5
2015-01-17,230.7
2015-01-18,230.0
2015-01-19,229.4
2015-01-20,224.8
2015-01-21,220.7
2015-01-22,219.5
2015-01-23,220.0
2015-01-24,221.5
2015-01-25,220.6
2015-01-26,214.3
2015-01-27,213.2
2015-01-28,213.0
2015-01-29,210.0
2015-01-30,208.3
2015-01-31,207.4
2015-02-01,209.6
2015-02-02,213.2
2015-02-03,209.5
2015-02-04,213.1
2015-02-05,214.5
2015-02-06,216.6
2015-02-07,218.3
2015-02-08,220.9
2015-02-09,226.5
2015-02-10,231.4
2015-02-11,234.1
2015-02-12,236.8
2015-02-13,234.3
2015-02-14,233.9
2015-02-15,230.1
2015-02-16,227.2
2015-02-17,225.3
2015-02-18,220.3
2015-02-19,219.4
2015-02-20,220.6
2015-02-21,219.5
2015-02-22,216.2
2015-02-23,216.4
2015-02-24,216.2
2015-02-25,214.2
2015-02-26,218.4
2015-02-27,217.4
2015-02-28,216.9
2015-03-01,218.2
2015-03-02,214.2
2015-03-03,213.6
2015-03-04,214.3
2015-03-05,214.4
2015-03-06,215.9
2015-03-07,217.7
2015-03-08,217.7
2015-03-09,219.8
2015-03-10,220.5
2015-03-11,217.6
2015-03-12,210.4
2015-03-13,209.9
2015-03-14,208.0
2015-03-15,210.1
2015-03-16,202.5
2015-03-17,186.5
2015-03-18,186.5
2015-03-19,189.2
2015-03-20,195.7
2015-03-21,194.4
2015-03-22,192.2
2015-03-23,193.7
2015-03-24,195.9
2015-03-25,199.6
2015-03-26,200.7
2015-03-27,199.3
2015-03-28,202.4
2015-03-29,202.3
2015-03-30,204.2
2015-03-31,203.8
2015-04-01,196.5
2015-04-02,204.1
2015-04-03,206.4
2015-04-04,208.1
2015-04-05,211.2
2015-04-06,212.6
2015-04-07,212.8
2015-04-08,212.1
2015-04-09,212.7
2015-04-10,201.6
2015-04-11,202.2
2015-04-12,201.0
2015-04-13,201.4
2015-04-14,203.5
2015-04-15,201.6
2015-04-16,202.5
2015-04-17,204.9
2015-04-18,203.5
2015-04-19,207.0
2015-04-20,209.7
2015-04-21,207.1
2015-04-22,205.6
2015-04-23,208.1
2015-04-24,207.8
2015-04-25,210.4
2015-04-26,209.8
2015-04-27,211.0
2015-04-28,213.8
2015-04-29,217.0
2015-04-30,216.8
2015-05-01,218.4
2015-05-02,219.8
2015-05-03,219.6
2015-05-04,218.8
2015-05-05,216.6
2015-05-06,202.8
2015-05-07,199.0
2015-05-08,206.6
2015-05-09,208.7
2015-05-10,207.9
2015-05-11,210.7
2015-05-12,209.8
2015-05-13,213.1
2015-05-14,215.5
2015-05-15,219.2
2015-05-16,223.8
2015-05-17,223.9
2015-05-18,222.6
2015-05-19,221.9
2015-05-20,220.7
2015-05-21,221.2
2015-05-22,223.6
2015-05-23,221.7
2015-05-24,224.3
2015-05-25,226.9
2015-05-26,233.4
2015-05-27,236.5
2015-05-28,239.7
2015-05-29,240.7
2015-05-30,240.0
2015-05-31,238.1
2015-06-01,238.1
2015-06-02,232.1
2015-06-03,234.6
2015-06-04,234.5
2015-06-05,231.8
2015-06-06,231.6
2015-06-07,233.4
2015-06-08,234.9
2015-06-09,235.3
2015-06-10,236.1
2015-06-11,236.9
2015-06-12,242.9
2015-06-13,238.7
2015-06-14,236.4
2015-06-15,227.6
2015-06-16,227.8
2015-06-17,233.9
2015-06-18,233.4
2015-06-19,235.0
2015-06-20,239.3
2015-06-21,236.2
2015-06-22,225.2
2015-06-23,200.8
2015-06-24,197.1
2015-06-25,191.7
2015-06-26,199.9
2015-06-27,204.5
2015-06-28,211.4
2015-06-29,212.3
2015-06-30,222.8
2015-07-01,227.0
2015-07-02,226.1
2015-07-03,224.6
2015-07-04,230.7
2015-07-05,228.4
2015-07-06,231.7
2015-07-07,236.0
2015-07-08,235.1
2015-07-09,238.1
2015-07-10,238.0
2015-07-11,233.2
2015-07-12,232.8
2015-07-13,225.9
2015-07-14,225.9
2015-07-15,228.2
2015-07-16,228.5
2015-07-17,230.8
2015-07-18,232.4
2015-07-19,233.3
2015-07-20,232.6
2015-07-21,231.3
2015-07-22,231.7
2015-07-23,234.5
2015-07-24,238.4
2015-07-25,241.9
2015-07-26,238.4
2015-07-27,235.1
2015-07-28,237.0
2015-07-29,239.0
2015-07-30,241.6
2015-07-31,240.8
2015-08-01,242.8
2015-08-02,245.5
2015-08-03,246.0
2015-08-04,246.2
2015-08-05,247.5
2015-08-06,247.7
2015-08-07,243.9
2015-08-08,243.7
2015-08-09,243.4
2015-08-10,243.2
2015-08-11,237.5
2015-08-12,232.7
2015-08-13,240.5
2015-08-14,238.8
2015-08-15,232.6
2015-08-16,229.9
2015-08-17,232.7
2015-08-18,236.2
2015-08-19,241.9
2015-08-20,241.0
2015-08-21,242.4
2015-08-22,242.2
2015-08-23,241.9
2015-08-24,244.4
2015-08-25,244.7
2015-08-26,235.8
2015-08-27,232.3
2015-08-28,236.7
2015-08-29,244.6
2015-08-30,246.7
2015-08-31,247.3
2015-09-01,248.8
2015-09-02,249.1
2015-09-03,246.8
2015-09-04,248.4
2015-09-05,245.0
2015-09-06,244.7
2015-09-07,245.5
2015-09-08,231.9
2015-09-09,230.9
2015-09-10,236.2
2015-09-11,235.9
2015-09-12,231.5
2015-09-13,231.4
2015-09-14,230.8
2015-09-15,234.7
2015-09-16,237.6
2015-09-17,235.8
2015-09-18,241.5
2015-09-19,249.2
2015-09-20,244.3
2015-09-21,243.9
2015-09-22,239.8
2015-09-23,237.6
2015-09-24,240.0
2015-09-25,241.7
2015-09-26,245.8
2015-09-27,246.3
2015-09-28,245.9
2015-09-29,247.6
2015-09-30,249.1
2015-10-01,249.1
2015-10-02,247.9
2015-10-03,244.4
2015-10-04,241.0
2015-10-05,240.9
2015-10-06,237.2
2015-10-07,237.2
2015-10-08,239.3
2015-10-09,240.7
2015-10-10,242.4
2015-10-11,242.6
2015-10-12,239.9
2015-10-13,241.9
2015-10-14,240.4
2015-10-15,241.1
2015-10-16,239.4
2015-10-17,243.8
2015-10-18,245.2
2015-10-19,244.2
2015-10-20,244.0
2015-10-21,245.2
2015-10-22,247.0
2015-10-23,246.3
2015-10-24,245.8
2015-10-25,242.2
2015-10-26,241.3
2015-10-27,242.4
2015-10-28,243.5
2015-10-29,246.6
2015-10-30,248.7
2015-10-31,247.0
2015-11-01,247.8
2015-11-02,252.9
2015-11-03,250.8
2015-11-04,239.3
2015-11-05,243.4
2015-11-06,246.5
2015-11-07,233.6
2015-11-08,237.9
2015-11-09,242.6
2015-11-10,236.9
2015-11-11,235.9
2015-11-12,236.4
2015-11-13,239.4
2015-11-14,237.4
2015-11-15,239.9
2015-11-16,238.2
2015-11-17,244.9
2015-11-18,244.4
2015-11-19,244.6
2015-11-20,246.7
2015-11-21,244.9
2015-11-22,250.0
2015-11-23,254.5
2015-11-24,259.4
2015-11-25,261.5
2015-11-26,263.5
2015-11-27,255.7
2015-11-28,258.2
2015-11-29,261.4
2015-11-30,263.3
2015-12-01,263.8
2015-12-02,263.2
2015-12-03,260.6
2015-12-04,259.3
2015-12-05,260.8
2015-12-06,254.7
2015-12-07,247.9
2015-12-08,244.6
2015-12-09,248.1
2015-12-10,245.8
2015-12-11,243.7
2015-12-12,241.2
2015-12-13,242.1
2015-12-14,244.3
2015-12-15,243.4
2015-12-16,243.9
2015-12-17,244.6
2015-12-18,249.2
2015-12-19,254.3
2015-12-20,245.7
2015-12-21,252.0
2015-12-22,256.8
2015-12-23,262.2
2015-12-24,265.5
2015-12-25,266.1
2015-12-26,265.8
2015-12-27,267.4
2015-12-28,269.8
2015-12-29,269.7
2015-12-30,271.9
2015-12-31,253.2
2016-01-01,251.9
2016-01-02,254.9
2016-01-03,257.0
2016-01-04,259.5
2016-01-05,260.8
2016-01-06,263.8
2016-01-07,266.9
2016-01-08,266.1
2016-01-09,267.5
2016-01-10,263.5
2016-01-11,259.3
2016-01-12,257.0
2016-01-13,257.4
2016-01-14,257.0
2016-01-15,260.6
2016-01-16,264.3
2016-01-17,259.9
2016-01-18,261.7
2016-01-19,259.8
2016-01-20,254.6
2016-01-21,257.9
2016-01-22,260.8
2016-01-23,265.6
2016-01-24,270.6
2016-01-25,280.6
2016-01-26,283.0
2016-01-27,281.6
2016-01-28,278.2
2016-01-29,277.6
2016-01-30,281.7
2016-01-31,277.7
2016-02-01,272.3
2016-02-02,276.5
2016-02-03,285.4
2016-02-04,277.2
2016-02-05,268.8
2016-02-06,267.0
2016-02-07,267.8
2016-02-08,268.9
2016-02-09,270.2
2016-02-10,273.1
2016-02-11,275.5
2016-02-12,273.6
2016-02-13,271.8
2016-02-14,271.1
2016-02-15,268.9
2016-02-16,266.2
2016-02-17,268.2
2016-02-18,271.4
2016-02-19,275.7
2016-02-20,275.3
2016-02-21,277.4
2016-02-22,278.6
2016-02-23,281.8
2016-02-24,285.2
2016-02-25,282.6
2016-02-26,282.1
2016-02-27,280.2
2016-02-28,272.8
2016-02-29,271.7
2016-03-01,275.3
2016-03-02,282.7
2016-03-03,286.4
2016-03-04,283.5
2016-03-05,285.8
2016-03-06,278.1
2016-03-07,272.6
2016-03-08,272.2
2016-03-09,276.6
2016-03-10,280.3
2016-03-11,281.3
2016-03-12,278.0
2016-03-13,279.1
2016-03-14,277.8
2016-03-15,270.3
2016-03-16,270.2
2016-03-17,269.7
2016-03-18,273.6
2016-03-19,276.1
2016-03-20,273.9
2016-03-21,276.1
2016-03-22,277.9
2016-03-23,274.7
2016-03-24,271.5
2016-03-25,265.9
2016-03-26,265.2
2016-03-27,270.0
2016-03-28,274.9
2016-03-29,279.3
2016-03-30,277.1
2016-03-31,277.0
2016-04-01,279.1
2016-04-02,282.9
2016-04-03,279.2
2016-04-04,282.0
2016-04-05,285.0
2016-04-06,281.4
2016-04-07,281.8
2016-04-08,278.9
2016-04-09,283.4
2016-04-10,281.4
2016-04-11,273.6
2016-04-12,274.8
2016-04-13,272.5
2016-04-14,265.4
2016-04-15,269.2
2016-04-16,269.3
2016-04-17,273.8
2016-04-18,278.1
2016-04-19,280.8
2016-04-20,277.0
2016-04-21,273.6
2016-04-22,269.7
2016-04-23,269.0
2016-04-24,268.5
2016-04-25,273.4
2016-04-26,276.4
2016-04-27,277.5
2016-04-28,279.2
2016-04-29,280.3
2016-04-30,280.9
2016-05-01,281.4
2016-05-02,279.6
2016-05-03,274.0
2016-05-04,275.7
2016-05-05,282.0
2016-05-06,279.1
2016-05-07,274.1
2016-05-08,269.9
2016-05-09,273.2
2016-05-10,276.7
2016-05-11,281.1
2016-05-12,282.6
2016-05-13,284.8
2016-05-14,288.5
2016-05-15,285.6
2016-05-16,285.9
2016-05-17,281.9
2016-05-18,277.1
2016-05-19,277.0
2016-05-20,272.1
2016-05-21,273.2
2016-05-22,281.0
2016-05-23,283.3
2016-05-24,282.0
2016-05-25,286.9
2016-05-26,286.2
2016-05-27,283.8
2016-05-28,284.3
2016-05-29,282.7
2016-05-30,282.5
2016-05-31,283.4
2016-06-01,286.5
2016-06-02,292.0
2016-06-03,297.4
2016-06-04,298.2
2016-06-05,294.8
2016-06-06,286.6
2016-06-07,288.2
2016-06-08,289.7
2016-06-09,293.5
2016-06-10,294.1
2016-06-11,292.6
2016-06-12,293.0
2016-06-13,286.6
2016-06-14,280.1
2016-06-15,275.1
2016-06-16,275.7
2016-06-17,271.1
2016-06-18,274.1
2016-06-19,278.3
2016-06-20,277.2
2016-06-21,283.1
2016-06-22,282.8
2016-06-23,277.8
2016-06-24,275.8
2016-06-25,278.1
2016-06-26,278.2
2016-06-27,280.6
2016-06-28,284.2
2016-06-29,284.5
2016-06-30,287.0
2016-07-01,284.2
2016-07-02,285.1
2016-07-03,286.1
2016-07-04,289.0
2016-07-05,291.8
2016-07-06,294.9
2016-07-07,297.7
2016-07-08,287.1
2016-07-09,284.0
2016-07-10,278.9
2016-07-11,275.3
2016-07-12,272.3
2016-07-13,269.2
2016-07-14,269.8
2016-07-15,271.6
2016-07-16,272.2
2016-07-17,274.6
2016-07-18,279.6
2016-07-19,281.3
2016-07-20,270.8
2016-07-21,267.6
2016-07-22,273.7
2016-07-23,279.4
2016-07-24,278.7
2016-07-25,278.6
2016-07-26,282.0
2016-07-27,287.2
2016-07-28,288.2
2016-07-29,288.6
2016-07-30,291.7
2016-07-31,294.2
2016-08-01,298.0
2016-08-02,299.7
2016-08-03,284.0
2016-08-04,289.8
2016-08-05,292.1
2016-08-06,285.6
2016-08-07,280.4
2016-08-08,282.5
2016-08-09,278.7
2016-08-10,277.8
2016-08-11,278.8
2016-08-12,282.6
2016-08-13,287.4
2016-08-14,286.6
2016-08-15,289.3
2016-08-16,287.6
2016-08-17,287.1
2016-08-18,287.4
2016-08-19,289.5
2016-08-20,287.8
2016-08-21,283.2
2016-08-22,284.9
2016-08-23,287.8
2016-08-24,284.2
2016-08-25,287.5
2016-08-26,292.4
2016-08-27,292.7
2016-08-28,298.5
2016-08-29,301.7
2016-08-30,300.5
2016-08-31,296.8
2016-09-01,292.9
2016-09-02,286.7
2016-09-03,283.6
2016-09-04,282.9
2016-09-05,280.6
2016-09-06,285.5
2016-09-07,286.0
2016-09-08,282.5
2016-09-09,285.0
2016-09-10,288.3
2016-09-11,290.8
2016-09-12,292.4
2016-09-13,293.6
2016-09-14,293.8
2016-09-15,298.5
2016-09-16,298.5
2016-09-17,301.4
2016-09-18,293.8
2016-09-19,294.9
2016-09-20,291.1
2016-09-21,291.8
2016-09-22,294.6
2016-09-23,292.5
2016-09-24,294.3
2016-09-25,295.0
2016-09-26,299.2
2016-09-27,295.7
2016-09-28,289.9
2016-09-29,288.2
2016-09-30,286.9
2016-10-01,290.1
2016-10-02,290.1
2016-10-03,291.8
2016-10-04,287.5
2016-10-05,294.0
2016-10-06,296.4
2016-10-07,299.4
2016-10-08,302.2
2016-10-09,307.9
2016-10-10,306.2
2016-10-11,305.6
2016-10-12,299.8
2016-10-13,295.5
2016-10-14,299.9
2016-10-15,294.5
2016-10-16,294.9
2016-10-17,292.5
2016-10-18,295.3
2016-10-19,299.8
2016-10-20,301.0
2016-10-21,300.2
2016-10-22,306.4
2016-10-23,304.9
2016-10-24,301.2
2016-10-25,295.3
2016-10-26,292.8
2016-10-27,292.8
2016-10-28,289.9
2016-10-29,290.0
2016-10-30,291.7
2016-10-31,293.4
2016-11-01,302.3
2016-11-02,297.7
2016-11-03,298.3
2016-11-04,296.0
2016-11-05,298.1
2016-11-06,306.3
2016-11-07,308.9
2016-11-08,308.9
2016-11-09,303.9
2016-11-10,305.2
2016-11-11,309.2
2016-11-12,308.0
2016-11-13,304.9
2016-11-14,303.6
2016-11-15,304.3
2016-11-16,304.2
2016-11-17,308.9
2016-11-18,310.0
2016-11-19,310.3
2016-11-20,312.6
2016-11-21,311.8
2016-11-22,306.1
2016-11-23,296.1
2016-11-24,293.0
2016-11-25,289.5
2016-11-26,293.6
2016-11-27,294.3
2016-11-28,292.7
2016-11-29,293.8
2016-11-30,298.8
2016-12-01,302.1
2016-12-02,304.0
2016-12-03,305.0
2016-12-04,310.7
2016-12-05,309.5
2016-12-06,308.3
2016-12-07,308.9
2016-12-08,308.8
2016-12-09,306.4
2016-12-10,304.0
2016-12-11,305.2
2016-12-12,305.4
2016-12-13,309.9
2016-12-14,308.8
2016-12-15,310.0
2016-12-16,312.7
2016-12-17,314.3
2016-12-18,312.2
2016-12-19,305.0
2016-12-20,300.6
2016-12-21,299.4
2016-12-22,300.4
2016-12-23,298.0
2016-12-24,294.2
2016-12-25,292.9
2016-12-26,291.3
2016-12-27,292.8
2016-12-28,297.2
2016-12-29,301.0
2016-12-30,302.2
2016-12-31,306.2
2017-01-01,307.8
2017-01-02,307.7
2017-01-03,308.0
2017-01-04,307.7
2017-01-05,304.6
2017-01-06,303.9
2017-01-07,304.9
2017-01-08,302.9
2017-01-09,304.2
2017-01-10,308.5
2017-01-11,308.9
2017-01-12,313.1
2017-01-13,316.1
2017-01-14,316.2
2017-01-15,312.7
2017-01-16,314.1
2017-01-17,310.7
2017-01-18,308.8
2017-01-19,310.7
2017-01-20,306.9
2017-01-21,307.6
2017-01-22,309.2
2017-01-23,309.3
2017-01-24,309.0
2017-01-25,312.5
2017-01-26,309.5
2017-01-27,304.7
2017-01-28,307.7
2017-01-29,309.8
2017-01-30,310.1
2017-01-31,308.1
2017-02-01,307.9
2017-02-02,306.8
2017-02-03,307.0
2017-02-04,308.6
2017-02-05,307.4
2017-02-06,308.3
2017-02-07,311.3
2017-02-08,313.2
2017-02-09,309.3
2017-02-10,309.3
2017-02-11,312.5
2017-02-12,315.1
2017-02-13,315.2
2017-02-14,314.3
2017-02-15,316.1
2017-02-16,316.6
2017-02-17,311.3
2017-02-18,310.1
2017-02-19,310.0
2017-02-20,310.6
2017-02-21,314.4
2017-02-22,314.5
2017-02-23,311.5
2017-02-24,308.3
2017-02-25,309.8
2017-02-26,309.7
2017-02-27,315.0
2017-02-28,312.2
2017-03-01,307.5
2017-03-02,303.7
2017-03-03,305.5
2017-03-04,303.7
2017-03-05,304.2
2017-03-10,313.7
2017-03-11,314.6
2017-03-12,316.2
2017-03-13,313.8
2017-03-14,314.6
2017-03-15,315.4
2017-03-16,312.7
2017-03-17,316.0
2017-03-18,319.7
2017-03-19,318.4
2017-03-20,318.7
2017-03-21,315.4
2017-03-22,311.9
2017-03-23,312.3
2017-03-24,308.2
2017-03-25,309.5
2017-03-26,314.5
2017-03-27,313.9
2017-03-28,311.6
2017-03-29,308.0
2017-03-30,309.0
2017-03-31,308.9
2017-04-01,305.4
2017-04-02,303.6
2017-04-03,303.0
2017-04-04,302.0
2017-04-05,298.7
2017-04-06,299.3
2017-04-07,300.5
2017-04-08,303.6
2017-04-09,304.5
2017-04-10,305.2
2017-04-11,307.8
2017-04-12,309.8
2017-04-13,311.8
2017-04-14,311.1
2017-04-15,314.6
2017-04-16,318.4
2017-04-17,319.5
2017-04-18,321.9
2017-04-19,315.4
2017-04-20,308.6
2017-04-21,307.4
2017-04-22,298.3
2017-04-23,292.9
2017-04-24,294.8
2017-04-25,294.1
2017-04-26,297.0
2017-04-27,297.9
2017-04-28,296.1
2017-04-29,299.7
2017-04-30,303.4
2017-05-01,301.3
2017-05-02,300.7
2017-05-03,302.4
2017-05-04,303.9
2017-05-05,301.0
2017-05-06,304.5
2017-05-07,306.1
2017-05-08,308.7
2017-05-09,309.9
2017-05-10,309.6
2017-05-11,308.7
2017-05-12,314.1
2017-05-13,315.3
2017-05-14,318.7
2017-05-15,318.6
2017-05-16,311.8
2017-05-17,311.4
2017-05-18,309.1
2017-05-19,313.0
2017-05-20,311.4
2017-05-21,310.3
2017-05-22,311.8
2017-05-23,311.1
2017-05-24,312.2
2017-05-25,311.8
2017-05-26,311.0
2017-05-27,311.3
2017-05-28,299.7
2017-05-29,303.5
2017-05-30,304.6
2017-05-31,304.2
2017-06-01,307.0
2017-06-02,305.7
2017-06-03,308.0
2017-06-04,308.8
2017-06-05,310.5
2017-06-06,308.9
2017-06-07,311.7
2017-06-08,312.3
2017-06-09,314.3
2017-06-10,316.9
2017-06-11,317.0
2017-06-12,317.7
2017-06-13,314.7
2017-06-14,317.4
2017-06-15,318.3
2017-06-16,317.6
2017-06-17,312.6
2017-06-18,310.5
2017-06-19,313.2
2017-06-20,316.7
2017-06-21,315.1
2017-06-22,312.7
2017-06-23,313.2
2017-06-24,311.3
2017-06-25,306.3
2017-06-26,303.9
2017-06-27,300.4
2017-06-28,302.3
2017-06-29,301.8
2017-06-30,304.9
2017-07-01,305.7
2017-07-02,306.2
2017-07-03,304.7
2017-07-04,303.9
2017-07-05,308.5
2017-07-06,307.0
2017-07-07,310.2
2017-07-08,313.5
2017-07-09,312.7
2017-07-10,314.5
2017-07-11,312.3
2017-07-12,309.7
2017-07-13,315.4
2017-07-14,317.9
2017-07-15,318.7
2017-07-16,303.0
2017-07-17,279.6
2017-07-18,301.1
2017-07-19,306.5
2017-07-20,315.6
2017-07-21,310.4
2017-07-22,305.7
2017-07-23,301.0
2017-07-24,297.8
2017-07-25,297.9
2017-07-26,294.6
2017-07-27,296.0
2017-07-28,295.4
2017-07-29,293.8
2017-07-30,291.8
2017-07-31,295.3
2017-08-01,282.8
2017-08-02,282.0
2017-08-03,285.2
2017-08-04,284.2
2017-08-05,288.5
2017-08-06,289.7
2017-08-07,291.6
2017-08-08,296.8
2017-08-09,299.0
2017-08-10,305.2
2017-08-11,305.5
2017-08-12,302.7
2017-08-13,301.2
2017-08-14,301.7
2017-08-15,302.9
2017-08-16,299.8
2017-08-17,298.5
2017-08-18,295.5
2017-08-19,290.5
2017-08-20,287.0
2017-08-21,286.1
2017-08-22,286.2
2017-08-23,286.3
2017-08-24,288.3
2017-08-25,289.5
2017-08-26,291.3
2017-08-27,293.2
2017-08-28,294.6
2017-08-29,297.2
2017-08-30,301.3
2017-08-31,298.1
2017-09-01,301.0
2017-09-02,301.5
2017-09-03,302.7
2017-09-04,300.7
2017-09-05,301.5
2017-09-06,302.6
2017-09-07,297.2
2017-09-08,254.4
2017-09-09,266.1
2017-09-10,276.7
2017-09-11,290.8
2017-09-12,292.2
2017-09-13,287.2
2017-09-14,288.0
2017-09-15,284.6
2017-09-16,283.5
2017-09-17,283.1
2017-09-18,286.6
2017-09-19,285.1
2017-09-20,285.2
2017-09-21,282.7
2017-09-22,286.0
2017-09-23,285.3
2017-09-24,284.0
2017-09-25,278.0
2017-09-26,279.3
2017-09-27,277.1
2017-09-28,276.8
2017-09-29,276.5
2017-09-30,280.0
2017-10-01,283.0
2017-10-02,282.0
2017-10-03,287.8
2017-10-04,289.2
2017-10-05,290.8
2017-10-06,289.9
2017-10-07,291.8
2017-10-08,288.8
2017-10-09,292.4
2017-10-10,293.7
2017-10-11,293.9
2017-10-12,293.4
2017-10-13,289.0
2017-10-14,291.5
2017-10-15,295.1
2017-10-16,294.9
2017-10-17,298.0
2017-10-18,301.2
2017-10-19,301.6
2017-10-20,300.8
2017-10-21,298.7
2017-10-22,293.7
2017-10-23,293.0
2017-10-24,287.5
2017-10-25,288.3
2017-10-26,292.8
2017-10-27,295.3
2017-10-28,294.8
2017-10-29,297.2
2017-10-30,301.8
2017-10-31,300.5
2017-11-01,305.3
2017-11-02,303.1
2017-11-03,301.3
2017-11-04,300.3
2017-11-05,304.0
2017-11-06,304.2
2017-11-07,306.6
2017-11-08,299.2
2017-11-09,301.7
2017-11-10,298.3
2017-11-11,299.3
2017-11-12,298.8
2017-11-13,302.2
2017-11-14,301.3
2017-11-15,299.0
2017-11-16,299.7
2017-11-17,302.9
2017-11-18,306.8
2017-11-19,308.1
2017-11-20,311.1
2017-11-21,308.5
2017-11-22,310.9
2017-11-23,318.4
2017-11-24,320.9
2017-11-25,314.3
2017-11-26,315.4
2017-11-27,313.0
2017-11-28,309.8
2017-11-29,307.0
2017-11-30,305.1
2017-12-01,302.2
2017-12-02,303.1
2017-12-03,307.0
2017-12-04,309.5
2017-12-05,307.4
2017-12-06,305.6
2017-12-07,303.1
2017-12-08,303.8
2017-12-09,305.6
2017-12-10,308.6
2017-12-11,310.6
2017-12-12,310.5
2017-12-13,309.2
2017-12-14,311.9
2017-12-15,313.3
2017-12-16,315.6
2017-12-17,312.7
2017-12-18,310.5
2017-12-19,311.6
2017-12-20,314.9
2017-12-21,316.0
2017-12-22,315.6
2017-12-23,320.2
2017-12-24,313.7
2017-12-25,313.7
2017-12-26,312.7
2017-12-27,309.8
2017-12-28,305.9
2017-12-29,306.2
2017-12-30,308.9
2017-12-31,311.2
2018-01-01,304.8
2018-01-02,306.4
2018-01-03,312.4
2018-01-04,311.4
2018-01-05,313.9
2018-01-06,315.6
2018-01-07,317.9
2018-01-08,314.3
2018-01-09,311.9
2018-01-10,311.8
2018-01-11,313.7
2018-01-12,315.8
2018-01-13,316.2
2018-01-14,315.3
2018-01-15,317.3
2018-01-16,318.9
2018-01-17,323.1
2018-01-18,322.7
2018-01-19,324.4
2018-01-20,318.6
2018-01-21,316.3
2018-01-22,315.2
2018-01-23,318.4
2018-01-24,319.2
2018-01-25,319.4
2018-01-26,312.9
2018-01-27,312.4
2018-01-28,311.2
2018-01-29,310.7
2018-01-30,311.3
2018-01-31,314.2
2018-02-01,313.8
2018-02-02,310.4
2018-02-03,313.3
2018-02-04,312.1
2018-02-05,313.1
2018-02-06,312.6
2018-02-07,315.3
2018-02-08,314.5
2018-02-09,315.5
2018-02-10,316.5
2018-02-11,319.4
2018-02-12,320.9
2018-02-13,320.4
2018-02-14,322.4
2018-02-15,324.2
2018-02-16,314.8
2018-02-17,316.1
2018-02-18,319.6
2018-02-19,316.2
2018-02-20,322.3
2018-02-21,321.0
2018-02-22,317.7
2018-02-23,311.1
2018-02-24,312.0
2018-02-25,309.0
2018-02-26,309.2
2018-02-27,311.4
2018-02-28,311.5
2018-03-01,313.6
2018-03-02,319.3
2018-03-03,317.2
2018-03-04,315.1
2018-03-05,315.3
2018-03-06,314.4
2018-03-07,312.4
2018-03-08,315.3
2018-03-09,315.3
2018-03-10,316.3
2018-03-11,317.7
2018-03-12,319.1
2018-03-13,321.1
2018-03-14,323.5
2018-03-15,321.0
2018-03-16,322.6
2018-03-17,315.1
2018-03-18,317.0
2018-03-19,315.0
2018-03-20,321.8
2018-03-21,325.9
2018-03-22,325.5
2018-03-23,313.6
2018-03-24,309.2
2018-03-25,309.4
2018-03-26,309.6
2018-03-27,310.4
2018-03-28,314.8
2018-03-30,314.3
2018-03-31,313.4
2018-04-01,312.7
2018-04-02,313.5
2018-04-03,313.8
2018-04-04,315.6
2018-04-05,316.1
2018-04-06,315.0
2018-04-07,317.7
2018-04-08,317.6
2018-04-09,317.5
2018-04-10,314.8
2018-04-11,315.0
2018-04-12,316.8
2018-04-13,319.5
2018-04-14,320.6
2018-04-15,323.1
2018-04-16,326.8
2018-04-17,324.5
2018-04-18,319.9
2018-04-19,311.8
2018-04-20,313.5
2018-04-21,309.9
2018-04-22,311.8
2018-04-23,312.7
2018-04-24,314.0
2018-04-25,312.3
2018-04-26,315.9
2018-04-27,311.8
2018-04-28,313.2
2018-04-29,313.6
2018-04-30,314.6
2018-05-01,317.4
2018-05-02,314.7
2018-05-03,314.5
2018-05-04,321.1
2018-05-05,319.4
2018-05-06,316.5
2018-05-07,316.5
2018-05-08,312.5
2018-05-09,311.7
2018-05-10,313.7
2018-05-11,315.1
2018-05-12,317.5
2018-05-13,316.1
2018-05-14,320.1
2018-05-15,320.8
2018-05-16,318.8
2018-05-17,312.9
2018-05-18,313.8
2018-05-19,313.8
2018-05-20,314.2
2018-05-21,315.2
2018-05-22,313.9
2018-05-23,312.1
2018-05-24,310.7
2018-05-25,312.0
2018-05-26,314.0
2018-05-27,314.7
2018-05-28,315.3
2018-05-29,314.6
2018-05-30,317.5
2018-05-31,319.4
2018-06-01,319.8
2018-06-02,318.5
2018-06-03,317.5
2018-06-04,318.3
2018-06-05,318.6
2018-06-06,318.5
2018-06-07,325.2
2018-06-08,324.2
2018-06-09,326.9
2018-06-10,330.5
2018-06-11,331.3
2018-06-12,329.7
2018-06-13,326.9
2018-06-14,325.2
2018-06-15,324.1
2018-06-16,326.6
2018-06-17,321.1
2018-06-18,315.2
2018-06-19,314.1
2018-06-20,315.2
2018-06-21,317.2
2018-06-22,318.0
2018-06-23,310.6
2018-06-24,313.5
2018-06-25,316.1
2018-06-26,310.5
2018-06-27,313.1
2018-06-28,312.4
2018-06-29,313.3
2018-06-30,315.4
2018-07-01,317.6
2018-07-02,322.6
2018-07-03,322.9
2018-07-04,322.0
2018-07-05,323.7
2018-07-06,325.5
2018-07-07,320.1
2018-07-08,325.4
2018-07-09,324.1
2018-07-10,325.9
2018-07-11,324.4
2018-07-12,319.5
2018-07-13,320.5
2018-07-14,321.5
2018-07-15,326.5
2018-07-16,322.6
2018-07-17,319.4
2018-07-18,318.3
2018-07-19,321.3
2018-07-20,322.3
2018-08-01,326.8
2018-08-02,322.3
2018-08-03,322.0
2018-08-04,320.7
2018-08-05,322.1
2018-08-06,322.2
2018-08-07,322.5
2018-08-08,322.3
2018-08-09,322.9
2018-08-10,325.3
2018-08-31,322.6
2018-09-01,323.8
2018-09-02,325.5
2018-09-03,325.3
2018-09-04,324.1
2018-09-05,321.6
2018-09-06,324.1
2018-09-07,321.5
2018-09-08,323.3
2018-09-09,325.6
2018-09-10,324.5
2018-09-11,318.6
2018-09-12,319.3
2018-09-13,321.8
2018-09-14,324.0
2018-09-15,321.6
2018-09-16,324.2
2018-09-17,325.8
2018-09-18,321.7
2018-09-19,322.7
2018-09-20,323.2
2018-09-21,326.2
2018-09-22,322.5
2018-09-23,315.5
2018-09-24,319.0
2018-09-25,319.5
2018-09-26,324.9
2018-09-27,323.6
2018-09-28,322.3
2018-09-29,323.4
2018-09-30,323.2
2018-10-01,325.4
2018-10-02,325.8
2018-10-03,327.2
2018-10-04,326.1
2018-10-05,328.5
2018-10-06,326.3
2018-10-07,326.3
2018-11-05,323.2
2018-11-06,322.4
2018-11-07,321.3
2018-11-08,319.4
2018-11-09,320.9
2018-11-10,316.2
2018-11-11,317.0
2018-11-12,317.2
2018-11-13,311.7
2018-11-14,314.3
2018-11-15,318.0
2018-11-16,316.2
2018-11-17,318.8
2018-11-18,319.4
2018-11-19,317.6
2018-11-20,320.2
2018-11-21,321.9
2018-11-22,321.3
2018-11-23,320.9
2018-11-24,323.8
2018-11-25,327.2
2018-11-26,327.7
2018-11-27,326.1
2018-11-28,325.4
2018-11-29,326.3
2018-11-30,326.6
2018-12-01,326.9
2018-12-02,325.2
2018-12-03,322.4
2018-12-04,321.0
2018-12-05,319.2
2018-12-06,317.2
2018-12-07,318.7
2018-12-08,313.4
2018-12-09,310.4
2018-12-10,313.1
2018-12-11,314.1
2018-12-12,317.7
2018-12-13,318.4
2018-12-14,319.0
2018-12-15,320.6
2018-12-16,322.0
2018-12-17,318.9
2018-12-18,320.2
2018-12-19,320.8
2018-12-20,321.8
2018-12-21,328.9
2018-12-22,327.1
2018-12-23,329.6
2018-12-24,328.1
2018-12-25,326.4
2018-12-26,327.6
2018-12-27,326.1
2018-12-28,326.8
2018-12-29,328.4
2018-12-30,326.5
2018-12-31,322.5
2019-01-01,324.3
2019-01-04,322.8
2019-01-05,322.2
2019-01-06,318.6
2019-01-07,318.7
2019-01-08,315.2
2019-01-09,315.7
2019-01-10,315.4
2019-01-11,315.3
2019-01-12,314.2
2019-01-13,319.1
2019-01-14,320.9
2019-01-15,319.8
2019-01-16,320.6
2019-01-17,322.0
2019-01-18,322.5
2019-01-19,324.5
2019-01-20,325.3
2019-01-21,328.0
2019-01-22,330.3
2019-01-23,330.4
2019-01-24,327.9
2019-01-25,323.0
2019-01-26,321.9
2019-01-27,321.1
2019-01-28,323.0
2019-01-29,323.3
2019-01-30,325.0
2019-03-05,324.3
2019-03-06,325.1
2019-03-07,324.5
2019-03-08,327.9
2019-03-09,328.3
2019-03-10,327.6
2019-03-11,327.4
2019-03-12,325.5
2019-03-13,322.8
2019-03-14,321.5
2019-03-16,321.1
2019-03-17,320.2
2019-03-18,320.9
2019-03-19,324.1
2019-03-20,326.5
2019-03-21,329.3
2019-03-22,326.8
2019-03-23,328.6
2019-03-24,332.0
2019-03-25,332.9
2019-03-26,328.1
2019-03-27,326.6
2019-03-28,323.0
2019-03-29,321.6
2019-03-30,320.6
2019-03-31,321.6
2019-04-01,321.8
2019-04-02,322.8
2019-04-03,324.8
2019-04-04,322.4
2019-04-05,324.0
2019-05-03,324.8
2019-05-04,325.1
2019-05-05,321.6
2019-05-06,323.6
2019-05-07,320.5
2019-05-08,321.3
2019-05-09,316.2
2019-05-10,315.1
2019-05-11,307.7
2019-05-12,306.1
2019-05-13,313.3
2019-05-14,309.3
2019-05-15,311.6
2019-05-16,310.5
2019-05-17,309.1
2019-05-18,309.9
2019-05-19,315.6
2019-05-20,309.6
2019-05-21,315.3
2019-05-22,323.8
2019-05-23,322.0
2019-05-24,322.5
2019-05-25,323.1
2019-05-26,324.8
2019-05-27,324.2
2019-05-28,325.4
2019-05-29,324.6
2019-05-30,322.2
2019-05-31,325.6
2019-06-01,324.8
2019-06-02,325.0
2019-06-03,325.2
2019-06-04,325.8
2019-07-01,324.8
2019-07-02,326.1
2019-07-03,325.3
2019-07-04,328.5
2019-07-05,327.0
2019-07-06,329.4
2019-07-07,329.7
2019-07-08,329.3
2019-07-09,325.4
2019-07-10,319.3
2019-07-11,322.4
2019-07-12,324.4
2019-07-13,320.7
2019-07-22,333.6
2019-07-23,331.2
2019-07-24,330.0
2019-07-25,328.4
2019-07-26,328.0
2019-07-27,328.3
2019-07-28,325.1
2019-07-29,325.8
2019-07-30,327.5
2019-08-01,322.6
2019-08-02,325.7
2019-08-03,329.2
2019-08-04,327.8
2019-09-02,314.8
2019-09-03,322.2
2019-09-04,322.7
2019-09-05,324.6
2019-09-06,324.4
2019-09-07,327.2
2019-09-08,327.6
2019-09-09,328.5
2019-09-10,333.2
2019-09-11,334.7
2019-09-12,332.1
2019-09-13,331.3
2019-09-14,325.7
2019-09-15,326.3
2019-09-16,326.5
2019-09-17,326.3
2019-09-18,327.0
2019-09-19,325.9
2019-09-20,331.1
2019-09-21,329.7
2019-09-22,332.9
2019-09-23,326.5
2019-09-24,330.4
2019-09-27,330.9
2019-09-28,328.6
2019-09-29,327.7
2019-09-30,328.1
2019-10-01,328.8
2019-10-02,326.9
2019-10-03,327.1
2019-10-04,326.3
2019-10-05,324.7
2019-10-06,328.3
2019-10-07,326.7
2019-10-08,325.7
2019-10-09,328.4
2019-10-10,329.4
2019-10-11,333.4
2019-10-12,330.0
2019-10-13,331.8
2019-10-14,327.2
2019-10-15,328.8
2019-10-16,330.5
2019-10-17,330.4
2019-10-18,329.3
2019-10-19,328.0
2019-10-20,331.4
2019-10-21,331.8
2019-10-22,332.2
2019-10-23,331.2
2019-10-24,330.8
2019-10-25,327.2
2019-10-26,328.6
2019-10-27,323.8
2019-10-28,322.6
2019-10-29,321.2
