bartels_rotation_number,rigidity_min GV,rigidity_max GV,antiproton_flux m^-2sr^-1s^-1GV^-1,antiproton_flux_error_statistical m^-2sr^-1s^-1GV^-1, antiproton_flux_error_systematic_timedependent m^-2sr^-1s^-1GV^-1,antiproton_flux_error_systematic_total m^-2sr^-1s^-1GV^-1
2426,1.0,1.92,0.0135,0.0039,0.0006,0.0013
2426,1.92,2.97,0.0121,0.0026,0.0006,0.001
2426,2.97,4.02,0.0201,0.003,0.0004,0.0011
2426,4.02,4.88,0.0137,0.0009,0.0002,0.0006
2426,4.88,5.9,0.0129,0.0007,0.0001,0.0006
2426,5.9,7.09,0.00984,0.0005,0.00027,0.00049
2426,7.09,8.48,0.00793,0.00036,0.00026,0.00041
2426,8.48,11.0,0.0049,0.00019,9e-05,0.0002
2426,11.0,16.6,0.00237,8e-05,4e-05,9e-05
2426,16.6,22.8,0.00098,4.4e-05,3.3e-05,4.6e-05
2426,22.8,41.9,0.000298,1.1e-05,8e-06,1.2e-05
2427,1.0,1.92,0.00955,0.00138,0.00047,0.0009
2427,1.92,2.97,0.0159,0.0013,0.0007,0.0013
2427,2.97,4.02,0.017,0.0013,0.0003,0.0009
2427,4.02,4.88,0.014,0.0006,0.0001,0.0006
2427,4.88,5.9,0.0119,0.0005,0.0001,0.0005
2427,5.9,7.09,0.00974,0.00036,0.00015,0.00043
2427,7.09,8.48,0.00727,0.00028,8e-05,0.0003
2427,8.48,11.0,0.00435,0.00015,6e-05,0.00018
2427,11.0,16.6,0.00206,7e-05,4e-05,8e-05
2427,16.6,22.8,0.000947,3.7e-05,2.5e-05,3.9e-05
2427,22.8,41.9,0.000245,9e-06,3e-06,8e-06
2428,1.0,1.92,0.0118,0.0016,0.0006,0.0011
2428,1.92,2.97,0.0173,0.0013,0.0007,0.0014
2428,2.97,4.02,0.0184,0.0013,0.0003,0.0009
2428,4.02,4.88,0.0153,0.0007,0.0002,0.0007
2428,4.88,5.9,0.0131,0.0005,0.0001,0.0006
2428,5.9,7.09,0.0095,0.00036,0.00017,0.00043
2428,7.09,8.48,0.00751,0.00027,0.00027,0.0004
2428,8.48,11.0,0.0047,0.00014,0.0001,0.0002
2428,11.0,16.6,0.00229,6e-05,4e-05,9e-05
2428,16.6,22.8,0.000983,3.4e-05,2.9e-05,4.3e-05
2428,22.8,41.9,0.000309,9e-06,7e-06,1.1e-05
2429,1.0,1.92,0.00884,0.00128,0.00042,0.00082
2429,1.92,2.97,0.0146,0.0012,0.0006,0.0011
2429,2.97,4.02,0.0179,0.0013,0.0003,0.0009
2429,4.02,4.88,0.0138,0.0006,0.0001,0.0006
2429,4.88,5.9,0.0127,0.0005,0.0001,0.0006
2429,5.9,7.09,0.0101,0.0004,0.0001,0.0004
2429,7.09,8.48,0.00725,0.00026,0.00013,0.00031
2429,8.48,11.0,0.00499,0.00015,5e-05,0.0002
2429,11.0,16.6,0.00211,6e-05,2e-05,8e-05
2429,16.6,22.8,0.000858,3.2e-05,1e-05,2.9e-05
2429,22.8,41.9,0.000249,8e-06,3e-06,8e-06
2430,1.0,1.92,0.00914,0.00124,0.00044,0.00085
2430,1.92,2.97,0.0155,0.0012,0.0007,0.0012
2430,2.97,4.02,0.0164,0.0012,0.0002,0.0008
2430,4.02,4.88,0.0146,0.0006,0.0001,0.0007
2430,4.88,5.9,0.0132,0.0005,0.0001,0.0006
2430,5.9,7.09,0.0108,0.0004,0.0001,0.0005
2430,7.09,8.48,0.00725,0.00025,0.00011,0.00031
2430,8.48,11.0,0.00451,0.00013,5e-05,0.00018
2430,11.0,16.6,0.00215,6e-05,3e-05,8e-05
2430,16.6,22.8,0.000848,3.1e-05,1.3e-05,3e-05
2430,22.8,41.9,0.000263,8e-06,4e-06,9e-06
2431,1.0,1.92,0.00859,0.00119,0.00041,0.0008
2431,1.92,2.97,0.0155,0.0012,0.0007,0.0012
2431,2.97,4.02,0.0174,0.0012,0.0003,0.0009
2431,4.02,4.88,0.0141,0.0006,0.0001,0.0006
2431,4.88,5.9,0.0135,0.0005,0.0001,0.0006
2431,5.9,7.09,0.00974,0.00034,0.00016,0.00043
2431,7.09,8.48,0.00685,0.00024,0.00011,0.00029
2431,8.48,11.0,0.00462,0.00013,5e-05,0.00018
2431,11.0,16.6,0.00205,6e-05,2e-05,8e-05
2431,16.6,22.8,0.000918,3.2e-05,2.1e-05,3.6e-05
2431,22.8,41.9,0.000255,8e-06,4e-06,8e-06
2432,1.0,1.92,0.0111,0.0013,0.0005,0.001
2432,1.92,2.97,0.0147,0.0011,0.0006,0.0012
2432,2.97,4.02,0.0149,0.0012,0.0003,0.0008
2432,4.02,4.88,0.0144,0.0006,0.0001,0.0007
2432,4.88,5.9,0.0124,0.0005,0.0001,0.0005
2432,5.9,7.09,0.00999,0.00035,0.00017,0.00045
2432,7.09,8.48,0.00718,0.00025,8e-05,0.0003
2432,8.48,11.0,0.00435,0.00014,4e-05,0.00017
2432,11.0,16.6,0.00212,6e-05,2e-05,8e-05
2432,16.6,22.8,0.000925,3.3e-05,1.1e-05,3.2e-05
2432,22.8,41.9,0.000251,8e-06,5e-06,9e-06
2433,1.0,1.92,0.00958,0.00129,0.00046,0.00089
2433,1.92,2.97,0.0155,0.0012,0.0007,0.0012
2433,2.97,4.02,0.0153,0.0012,0.0003,0.0008
2433,4.02,4.88,0.0149,0.0006,0.0001,0.0007
2433,4.88,5.9,0.0121,0.0005,0.0001,0.0005
2433,5.9,7.09,0.00992,0.00035,0.00017,0.00044
2433,7.09,8.48,0.00761,0.00027,9e-05,0.00031
2433,8.48,11.0,0.00479,0.00015,5e-05,0.00019
2433,11.0,16.6,0.00199,6e-05,3e-05,7e-05
2433,16.6,22.8,0.000893,3.3e-05,1.8e-05,3.4e-05
2433,22.8,41.9,0.000242,8e-06,6e-06,9e-06
2434,1.0,1.92,0.0097,0.00131,0.00046,0.0009
2434,1.92,2.97,0.0159,0.0013,0.0007,0.0013
2434,2.97,4.02,0.0187,0.0014,0.0003,0.001
2434,4.02,4.88,0.0139,0.0006,0.0001,0.0006
2434,4.88,5.9,0.0138,0.0005,0.0001,0.0006
2434,5.9,7.09,0.01,0.0004,0.0002,0.0005
2434,7.09,8.48,0.00701,0.00027,0.00011,0.0003
2434,8.48,11.0,0.0046,0.00015,5e-05,0.00018
2434,11.0,16.6,0.00219,6e-05,3e-05,8e-05
2434,16.6,22.8,0.000784,3.2e-05,1.5e-05,2.9e-05
2434,22.8,41.9,0.000259,9e-06,4e-06,9e-06
2435,1.0,1.92,0.0118,0.0014,0.0006,0.0011
2435,1.92,2.97,0.015,0.0012,0.0006,0.0012
2435,2.97,4.02,0.0156,0.0012,0.0003,0.0008
2435,4.02,4.88,0.0143,0.0006,0.0002,0.0007
2435,4.88,5.9,0.0126,0.0005,0.0001,0.0006
2435,5.9,7.09,0.0103,0.0004,0.0002,0.0005
2435,7.09,8.48,0.00673,0.00024,0.00012,0.00029
2435,8.48,11.0,0.00441,0.00014,4e-05,0.00017
2435,11.0,16.6,0.00206,6e-05,2e-05,7e-05
2435,16.6,22.8,0.000812,3e-05,1.5e-05,3e-05
2435,22.8,41.9,0.000254,8e-06,4e-06,8e-06
2436,1.0,1.92,0.00964,0.0013,0.00046,0.0009
2436,1.92,2.97,0.0148,0.0012,0.0006,0.0012
2436,2.97,4.02,0.016,0.0012,0.0002,0.0008
2436,4.02,4.88,0.0131,0.0006,0.0001,0.0006
2436,4.88,5.9,0.0127,0.0005,0.0001,0.0006
2436,5.9,7.09,0.00994,0.00035,0.0002,0.00045
2436,7.09,8.48,0.00651,0.00024,8e-05,0.00027
2436,8.48,11.0,0.00456,0.00014,5e-05,0.00018
2436,11.0,16.6,0.00209,6e-05,2e-05,8e-05
2436,16.6,22.8,0.000805,3e-05,1.8e-05,3.2e-05
2436,22.8,41.9,0.000267,8e-06,4e-06,9e-06
2437,1.0,1.92,0.0109,0.0016,0.0005,0.001
2437,1.92,2.97,0.0139,0.0013,0.0006,0.0011
2437,2.97,4.02,0.0136,0.0012,0.0002,0.0007
2437,4.02,4.88,0.013,0.0006,0.0002,0.0006
2437,4.88,5.9,0.0123,0.0005,0.0001,0.0005
2437,5.9,7.09,0.00864,0.00035,0.00017,0.0004
2437,7.09,8.48,0.00678,0.00026,0.00011,0.00029
2437,8.48,11.0,0.00437,0.00014,5e-05,0.00017
2437,11.0,16.6,0.00197,6e-05,2e-05,7e-05
2437,16.6,22.8,0.000834,3.2e-05,1.3e-05,3e-05
2437,22.8,41.9,0.000256,8e-06,5e-06,9e-06
2438,1.0,1.92,0.0107,0.0014,0.0005,0.001
2438,1.92,2.97,0.0155,0.0013,0.0007,0.0012
2438,2.97,4.02,0.0169,0.0013,0.0003,0.0009
2438,4.02,4.88,0.0133,0.0006,0.0001,0.0006
2438,4.88,5.9,0.0132,0.0005,0.0001,0.0006
2438,5.9,7.09,0.0103,0.0004,0.0002,0.0005
2438,7.09,8.48,0.00742,0.00025,8e-05,0.0003
2438,8.48,11.0,0.00416,0.00013,5e-05,0.00016
2438,11.0,16.6,0.00205,6e-05,2e-05,7e-05
2438,16.6,22.8,0.000899,3.2e-05,1.8e-05,3.4e-05
2438,22.8,41.9,0.000262,8e-06,4e-06,9e-06
2439,1.0,1.92,0.00928,0.00137,0.00046,0.00087
2439,1.92,2.97,0.0143,0.0012,0.0006,0.0011
2439,2.97,4.02,0.0166,0.0013,0.0003,0.0009
2439,4.02,4.88,0.0148,0.0007,0.0001,0.0007
2439,4.88,5.9,0.0136,0.0005,0.0001,0.0006
2439,5.9,7.09,0.01,0.0004,0.0002,0.0004
2439,7.09,8.48,0.00696,0.00024,0.00014,0.00031
2439,8.48,11.0,0.00451,0.00014,5e-05,0.00018
2439,11.0,16.6,0.0021,6e-05,2e-05,8e-05
2439,16.6,22.8,0.000815,2.9e-05,1.5e-05,3e-05
2439,22.8,41.9,0.000255,8e-06,5e-06,9e-06
2440,1.0,1.92,0.00909,0.00133,0.00044,0.00085
2440,1.92,2.97,0.0158,0.0012,0.0007,0.0012
2440,2.97,4.02,0.016,0.0013,0.0003,0.0008
2440,4.02,4.88,0.0133,0.0006,0.0001,0.0006
2440,4.88,5.9,0.013,0.0005,0.0001,0.0006
2440,5.9,7.09,0.00984,0.00036,0.0002,0.00045
2440,7.09,8.48,0.00703,0.00025,9e-05,0.00029
2440,8.48,11.0,0.00455,0.00014,8e-05,0.00019
2440,11.0,16.6,0.00206,6e-05,3e-05,8e-05
2440,16.6,22.8,0.000919,3.3e-05,1.6e-05,3.3e-05
2440,22.8,41.9,0.000245,8e-06,4e-06,8e-06
2441,1.0,1.92,0.00874,0.00128,0.00042,0.00082
2441,1.92,2.97,0.0156,0.0012,0.0007,0.0012
2441,2.97,4.02,0.0152,0.0012,0.0003,0.0008
2441,4.02,4.88,0.0139,0.0006,0.0001,0.0006
2441,4.88,5.9,0.0128,0.0005,0.0001,0.0006
2441,5.9,7.09,0.0104,0.0004,0.0002,0.0005
2441,7.09,8.48,0.00669,0.00024,7e-05,0.00027
2441,8.48,11.0,0.00442,0.00014,5e-05,0.00017
2441,11.0,16.6,0.00204,6e-05,2e-05,7e-05
2441,16.6,22.8,0.000841,3.1e-05,1.4e-05,3.1e-05
2441,22.8,41.9,0.000264,8e-06,4e-06,9e-06
2442,1.0,1.92,0.00737,0.00114,0.00036,0.00069
2442,1.92,2.97,0.0137,0.0012,0.0006,0.0011
2442,2.97,4.02,0.0125,0.0011,0.0003,0.0007
2442,4.02,4.88,0.0128,0.0006,0.0002,0.0006
2442,4.88,5.9,0.0116,0.0005,0.0001,0.0005
2442,5.9,7.09,0.00967,0.00036,0.00016,0.00043
2442,7.09,8.48,0.00703,0.00025,8e-05,0.00029
2442,8.48,11.0,0.00442,0.00014,4e-05,0.00017
2442,11.0,16.6,0.00205,6e-05,2e-05,7e-05
2442,16.6,22.8,0.000944,3.4e-05,1.6e-05,3.4e-05
2442,22.8,41.9,0.000247,8e-06,5e-06,9e-06
2443,1.0,1.92,0.00761,0.00105,0.00036,0.00071
2443,1.92,2.97,0.0144,0.0011,0.0006,0.0011
2443,2.97,4.02,0.0148,0.0012,0.0003,0.0008
2443,4.02,4.88,0.0133,0.0006,0.0001,0.0006
2443,4.88,5.9,0.0115,0.0005,0.0001,0.0005
2443,5.9,7.09,0.00899,0.00034,0.0002,0.00042
2443,7.09,8.48,0.00705,0.00025,9e-05,0.00029
2443,8.48,11.0,0.00455,0.00014,5e-05,0.00018
2443,11.0,16.6,0.00196,6e-05,2e-05,7e-05
2443,16.6,22.8,0.000931,3.3e-05,1.7e-05,3.4e-05
2443,22.8,41.9,0.000254,8e-06,5e-06,9e-06
2444,1.0,1.92,0.00774,0.00106,0.00037,0.00072
2444,1.92,2.97,0.0144,0.0011,0.0006,0.0011
2444,2.97,4.02,0.014,0.0011,0.0002,0.0007
2444,4.02,4.88,0.0138,0.0006,0.0001,0.0006
2444,4.88,5.9,0.0125,0.0005,0.0001,0.0005
2444,5.9,7.09,0.00919,0.00034,0.00017,0.00042
2444,7.09,8.48,0.00699,0.00024,8e-05,0.00029
2444,8.48,11.0,0.00452,0.00013,3e-05,0.00017
2444,11.0,16.6,0.00217,6e-05,2e-05,8e-05
2444,16.6,22.8,0.000865,3e-05,1e-05,2.9e-05
2444,22.8,41.9,0.000254,8e-06,5e-06,9e-06
2445,1.0,1.92,0.00868,0.00135,0.00041,0.00081
2445,1.92,2.97,0.0168,0.0014,0.0007,0.0013
2445,2.97,4.02,0.0175,0.0014,0.0002,0.0009
2445,4.02,4.88,0.0144,0.0007,0.0001,0.0007
2445,4.88,5.9,0.012,0.0005,0.0001,0.0005
2445,5.9,7.09,0.01,0.0004,0.0002,0.0005
2445,7.09,8.48,0.00739,0.00026,0.00014,0.00032
2445,8.48,11.0,0.00436,0.00014,4e-05,0.00017
2445,11.0,16.6,0.00216,6e-05,2e-05,8e-05
2445,16.6,22.8,0.000902,3.2e-05,1.2e-05,3.2e-05
2445,22.8,41.9,0.000234,8e-06,4e-06,8e-06
2446,1.0,1.92,0.00728,0.00104,0.00035,0.00068
2446,1.92,2.97,0.015,0.0011,0.0006,0.0012
2446,2.97,4.02,0.0157,0.0012,0.0003,0.0008
2446,4.02,4.88,0.0141,0.0006,0.0001,0.0007
2446,4.88,5.9,0.012,0.0005,0.0001,0.0005
2446,5.9,7.09,0.00904,0.00033,0.00017,0.00041
2446,7.09,8.48,0.00725,0.00024,0.00011,0.00031
2446,8.48,11.0,0.00445,0.00013,4e-05,0.00017
2446,11.0,16.6,0.00201,6e-05,2e-05,7e-05
2446,16.6,22.8,0.000946,3.2e-05,1.6e-05,3.4e-05
2446,22.8,41.9,0.000256,8e-06,3e-06,8e-06
2447,1.0,1.92,0.00801,0.00101,0.00038,0.00074
2447,1.92,2.97,0.0123,0.001,0.0005,0.001
2447,2.97,4.02,0.0116,0.0011,0.0003,0.0007
2447,4.02,4.88,0.0138,0.0006,0.0001,0.0006
2447,4.88,5.9,0.0118,0.0005,0.0001,0.0005
2447,5.9,7.09,0.00949,0.00034,0.00018,0.00043
2447,7.09,8.48,0.00724,0.00024,8e-05,0.0003
2447,8.48,11.0,0.00433,0.00013,5e-05,0.00017
2447,11.0,16.6,0.00214,6e-05,2e-05,8e-05
2447,16.6,22.8,0.000867,3e-05,1.4e-05,3.1e-05
2447,22.8,41.9,0.000269,8e-06,4e-06,9e-06
2448,1.0,1.92,0.0084,0.0011,0.0004,0.00078
2448,1.92,2.97,0.0125,0.0011,0.0005,0.001
2448,2.97,4.02,0.0154,0.0012,0.0003,0.0008
2448,4.02,4.88,0.0142,0.0006,0.0002,0.0007
2448,4.88,5.9,0.012,0.0005,0.0001,0.0005
2448,5.9,7.09,0.00976,0.00035,0.00011,0.00042
2448,7.09,8.48,0.00696,0.00023,7e-05,0.00028
2448,8.48,11.0,0.00466,0.00013,4e-05,0.00018
2448,11.0,16.6,0.00207,5e-05,1e-05,7e-05
2448,16.6,22.8,0.000862,3e-05,1.3e-05,3.1e-05
2448,22.8,41.9,0.000246,7e-06,4e-06,8e-06
2449,1.0,1.92,0.00826,0.00103,0.00039,0.00077
2449,1.92,2.97,0.0138,0.0011,0.0006,0.0011
2449,2.97,4.02,0.019,0.0011,0.0002,0.001
2449,4.02,4.88,0.015,0.0006,0.0001,0.0007
2449,4.88,5.9,0.0128,0.0005,0.0001,0.0006
2449,5.9,7.09,0.00995,0.00034,0.00016,0.00044
2449,7.09,8.48,0.00701,0.00023,5e-05,0.00028
2449,8.48,11.0,0.00437,0.00013,5e-05,0.00017
2449,11.0,16.6,0.00214,6e-05,2e-05,8e-05
2449,16.6,22.8,0.000884,3e-05,1.5e-05,3.2e-05
2449,22.8,41.9,0.000251,8e-06,3e-06,8e-06
2450,1.0,1.92,0.00886,0.00117,0.00041,0.00082
2450,1.92,2.97,0.0163,0.0012,0.0007,0.0013
2450,2.97,4.02,0.014,0.0012,0.0003,0.0007
2450,4.02,4.88,0.0138,0.0006,0.0001,0.0006
2450,4.88,5.9,0.0122,0.0005,0.0001,0.0005
2450,5.9,7.09,0.00947,0.00035,0.00018,0.00043
2450,7.09,8.48,0.00658,0.00024,0.0001,0.00028
2450,8.48,11.0,0.00457,0.00014,5e-05,0.00018
2450,11.0,16.6,0.00226,6e-05,2e-05,8e-05
2450,16.6,22.8,0.000852,3.2e-05,1.7e-05,3.2e-05
2450,22.8,41.9,0.000241,8e-06,3e-06,8e-06
2451,1.0,1.92,0.00951,0.00137,0.00045,0.00088
2451,1.92,2.97,0.0151,0.0013,0.0006,0.0012
2451,2.97,4.02,0.0159,0.0013,0.0003,0.0008
2451,4.02,4.88,0.0128,0.0006,0.0002,0.0006
2451,4.88,5.9,0.0121,0.0005,0.0001,0.0005
2451,5.9,7.09,0.00967,0.00037,0.00018,0.00044
2451,7.09,8.48,0.00661,0.00024,0.0001,0.00028
2451,8.48,11.0,0.00444,0.00014,5e-05,0.00017
2451,11.0,16.6,0.0022,6e-05,2e-05,8e-05
2451,16.6,22.8,0.000905,3.2e-05,1.1e-05,3.1e-05
2451,22.8,41.9,0.000253,8e-06,3e-06,8e-06
2452,1.0,1.92,0.00717,0.00103,0.00035,0.00067
2452,1.92,2.97,0.0162,0.0012,0.0007,0.0013
2452,2.97,4.02,0.0159,0.0012,0.0003,0.0008
2452,4.02,4.88,0.0141,0.0006,0.0001,0.0006
2452,4.88,5.9,0.0123,0.0005,0.0001,0.0005
2452,5.9,7.09,0.0093,0.00034,0.00017,0.00042
2452,7.09,8.48,0.00678,0.00024,6e-05,0.00028
2452,8.48,11.0,0.00455,0.00013,5e-05,0.00018
2452,11.0,16.6,0.00217,6e-05,2e-05,8e-05
2452,16.6,22.8,0.000824,2.9e-05,7e-06,2.7e-05
2452,22.8,41.9,0.000254,8e-06,4e-06,8e-06
2453,1.0,1.92,0.00783,0.0012,0.00037,0.00073
2453,1.92,2.97,0.0141,0.0012,0.0006,0.0011
2453,2.97,4.02,0.0158,0.0011,0.0002,0.0008
2453,4.02,4.88,0.0128,0.0006,0.0001,0.0006
2453,4.88,5.9,0.0113,0.0005,0.0001,0.0005
2453,5.9,7.09,0.0082,0.00032,0.00017,0.00038
2453,7.09,8.48,0.00611,0.00022,8e-05,0.00025
2453,8.48,11.0,0.00424,0.00013,3e-05,0.00016
2453,11.0,16.6,0.00207,6e-05,3e-05,8e-05
2453,16.6,22.8,0.000804,2.9e-05,1.2e-05,2.9e-05
2453,22.8,41.9,0.000232,7e-06,3e-06,7e-06
2454,1.0,1.92,0.00551,0.00096,0.00028,0.00052
2454,1.92,2.97,0.0106,0.001,0.0005,0.0008
2454,2.97,4.02,0.013,0.0012,0.0003,0.0007
2454,4.02,4.88,0.0123,0.0006,0.0001,0.0006
2454,4.88,5.9,0.0118,0.0005,0.0001,0.0005
2454,5.9,7.09,0.00967,0.00035,0.00019,0.00044
2454,7.09,8.48,0.00661,0.00024,0.00012,0.00029
2454,8.48,11.0,0.0041,0.00013,5e-05,0.00016
2454,11.0,16.6,0.00209,6e-05,2e-05,8e-05
2454,16.6,22.8,0.000826,3e-05,1.8e-05,3.2e-05
2454,22.8,41.9,0.000257,8e-06,4e-06,9e-06
2455,1.0,1.92,0.00676,0.00114,0.00034,0.00064
2455,1.92,2.97,0.0125,0.0011,0.0005,0.001
2455,2.97,4.02,0.0152,0.0011,0.0002,0.0008
2455,4.02,4.88,0.0138,0.0006,0.0001,0.0006
2455,4.88,5.9,0.011,0.0005,0.0001,0.0005
2455,5.9,7.09,0.00922,0.00034,0.00015,0.00041
2455,7.09,8.48,0.0069,0.00024,8e-05,0.00029
2455,8.48,11.0,0.00395,0.00013,4e-05,0.00015
2455,11.0,16.6,0.00211,6e-05,2e-05,8e-05
2455,16.6,22.8,0.000883,3.1e-05,1.5e-05,3.2e-05
2455,22.8,41.9,0.000244,8e-06,4e-06,8e-06
2456,1.0,1.92,0.00651,0.00102,0.00033,0.00062
2456,1.92,2.97,0.0123,0.001,0.0005,0.001
2456,2.97,4.02,0.0149,0.0012,0.0003,0.0008
2456,4.02,4.88,0.0135,0.0006,0.0001,0.0006
2456,4.88,5.9,0.0118,0.0005,0.0001,0.0005
2456,5.9,7.09,0.00912,0.00034,0.00015,0.0004
2456,7.09,8.48,0.00674,0.00024,8e-05,0.00028
2456,8.48,11.0,0.00414,0.00013,5e-05,0.00016
2456,11.0,16.6,0.0021,6e-05,2e-05,8e-05
2456,16.6,22.8,0.00084,3.1e-05,1.6e-05,3.1e-05
2456,22.8,41.9,0.000237,8e-06,3e-06,8e-06
2457,1.0,1.92,0.00816,0.00108,0.0004,0.00077
2457,1.92,2.97,0.0142,0.0011,0.0006,0.0011
2457,2.97,4.02,0.0134,0.0011,0.0003,0.0007
2457,4.02,4.88,0.0129,0.0006,0.0001,0.0006
2457,4.88,5.9,0.012,0.0005,0.0001,0.0005
2457,5.9,7.09,0.00892,0.00033,0.00017,0.00041
2457,7.09,8.48,0.00659,0.00024,6e-05,0.00027
2457,8.48,11.0,0.00447,0.00014,5e-05,0.00018
2457,11.0,16.6,0.00215,6e-05,2e-05,8e-05
2457,16.6,22.8,0.00084,3.1e-05,9e-06,2.8e-05
2457,22.8,41.9,0.000258,8e-06,3e-06,8e-06
2458,1.0,1.92,0.00666,0.00099,0.00032,0.00062
2458,1.92,2.97,0.0122,0.001,0.0005,0.001
2458,2.97,4.02,0.0138,0.0011,0.0002,0.0007
2458,4.02,4.88,0.0128,0.0006,0.0001,0.0006
2458,4.88,5.9,0.0117,0.0005,0.0001,0.0005
2458,5.9,7.09,0.00921,0.00034,0.00016,0.00041
2458,7.09,8.48,0.007,0.00024,8e-05,0.00029
2458,8.48,11.0,0.00431,0.00013,5e-05,0.00017
2458,11.0,16.6,0.00218,6e-05,3e-05,8e-05
2458,16.6,22.8,0.000874,3.1e-05,1.3e-05,3.1e-05
2458,22.8,41.9,0.000255,8e-06,6e-06,1e-05
2459,1.0,1.92,0.00667,0.00103,0.00032,0.00062
2459,1.92,2.97,0.0118,0.001,0.0005,0.0009
2459,2.97,4.02,0.0147,0.0012,0.0002,0.0008
2459,4.02,4.88,0.0131,0.0006,0.0002,0.0006
2459,4.88,5.9,0.012,0.0005,0.0001,0.0005
2459,5.9,7.09,0.00876,0.00034,0.00013,0.00038
2459,7.09,8.48,0.00716,0.00027,9e-05,0.0003
2459,8.48,11.0,0.00417,0.00014,4e-05,0.00016
2459,11.0,16.6,0.0021,6e-05,2e-05,8e-05
2459,16.6,22.8,0.00085,3.3e-05,1.3e-05,3e-05
2459,22.8,41.9,0.000254,9e-06,5e-06,9e-06
2460,1.0,1.92,0.00665,0.00096,0.00033,0.00062
2460,1.92,2.97,0.0139,0.001,0.0006,0.0011
2460,2.97,4.02,0.0154,0.0011,0.0002,0.0008
2460,4.02,4.88,0.0128,0.0006,0.0001,0.0006
2460,4.88,5.9,0.0116,0.0005,0.0001,0.0005
2460,5.9,7.09,0.00927,0.00035,0.00018,0.00042
2460,7.09,8.48,0.00636,0.00023,8e-05,0.00027
2460,8.48,11.0,0.0044,0.00013,6e-05,0.00018
2460,11.0,16.6,0.00212,6e-05,1e-05,8e-05
2460,16.6,22.8,0.00085,3.1e-05,1.2e-05,3e-05
2460,22.8,41.9,0.000257,8e-06,4e-06,9e-06
2461,1.0,1.92,0.00671,0.00096,0.00033,0.00063
2461,1.92,2.97,0.0142,0.001,0.0006,0.0011
2461,2.97,4.02,0.0152,0.0011,0.0002,0.0008
2461,4.02,4.88,0.0131,0.0006,0.0001,0.0006
2461,4.88,5.9,0.0113,0.0004,0.0001,0.0005
2461,5.9,7.09,0.00963,0.00034,0.00018,0.00044
2461,7.09,8.48,0.00601,0.00022,8e-05,0.00025
2461,8.48,11.0,0.00448,0.00013,5e-05,0.00018
2461,11.0,16.6,0.00215,6e-05,2e-05,8e-05
2461,16.6,22.8,0.00087,3e-05,8e-06,2.9e-05
2461,22.8,41.9,0.000238,7e-06,4e-06,8e-06
2462,1.0,1.92,0.00599,0.00089,0.00029,0.00056
2462,1.92,2.97,0.0134,0.001,0.0006,0.0011
2462,2.97,4.02,0.0146,0.001,0.0002,0.0008
2462,4.02,4.88,0.0138,0.0006,0.0001,0.0006
2462,4.88,5.9,0.0116,0.0004,0.0001,0.0005
2462,5.9,7.09,0.00945,0.00033,0.00013,0.00041
2462,7.09,8.48,0.00647,0.00022,8e-05,0.00027
2462,8.48,11.0,0.00432,0.00013,4e-05,0.00017
2462,11.0,16.6,0.00196,5e-05,2e-05,7e-05
2462,16.6,22.8,0.000852,2.9e-05,1.4e-05,3.1e-05
2462,22.8,41.9,0.000248,7e-06,4e-06,8e-06
2463,1.0,1.92,0.00614,0.00097,0.00029,0.00057
2463,1.92,2.97,0.0136,0.0011,0.0006,0.0011
2463,2.97,4.02,0.0148,0.0011,0.0002,0.0008
2463,4.02,4.88,0.0125,0.0006,0.0001,0.0006
2463,4.88,5.9,0.0119,0.0005,0.0001,0.0005
2463,5.9,7.09,0.00871,0.00033,0.00015,0.00039
2463,7.09,8.48,0.00637,0.00023,6e-05,0.00026
2463,8.48,11.0,0.00425,0.00013,4e-05,0.00017
2463,11.0,16.6,0.00211,6e-05,2e-05,8e-05
2463,16.6,22.8,0.000831,3e-05,1.7e-05,3.2e-05
2463,22.8,41.9,0.000252,8e-06,4e-06,8e-06
2464,1.0,1.92,0.0064,0.00091,0.00031,0.0006
2464,1.92,2.97,0.0128,0.001,0.0006,0.001
2464,2.97,4.02,0.0107,0.001,0.0003,0.0006
2464,4.02,4.88,0.0128,0.0005,0.0001,0.0006
2464,4.88,5.9,0.0114,0.0004,0.0001,0.0005
2464,5.9,7.09,0.00884,0.00033,0.00017,0.0004
2464,7.09,8.48,0.00631,0.00022,5e-05,0.00026
2464,8.48,11.0,0.00414,0.00012,3e-05,0.00016
2464,11.0,16.6,0.00205,5e-05,1e-05,7e-05
2464,16.6,22.8,0.000868,3e-05,1.3e-05,3.1e-05
2464,22.8,41.9,0.000248,8e-06,4e-06,8e-06
2465,1.0,1.92,0.00586,0.00094,0.00029,0.00055
2465,1.92,2.97,0.0118,0.001,0.0005,0.0009
2465,2.97,4.02,0.0125,0.001,0.0003,0.0007
2465,4.02,4.88,0.0124,0.0005,0.0001,0.0006
2465,4.88,5.9,0.0113,0.0004,0.0001,0.0005
2465,5.9,7.09,0.00881,0.00033,0.00016,0.0004
2465,7.09,8.48,0.00669,0.00022,8e-05,0.00028
2465,8.48,11.0,0.00421,0.00013,5e-05,0.00017
2465,11.0,16.6,0.00207,6e-05,3e-05,8e-05
2465,16.6,22.8,0.000896,3e-05,1e-05,3.1e-05
2465,22.8,41.9,0.000254,7e-06,3e-06,8e-06
2466,1.0,1.92,0.00552,0.00089,0.00027,0.00052
2466,1.92,2.97,0.0129,0.0011,0.0006,0.001
2466,2.97,4.02,0.0141,0.0011,0.0003,0.0007
2466,4.02,4.88,0.0122,0.0006,0.0001,0.0006
2466,4.88,5.9,0.0112,0.0004,0.0001,0.0005
2466,5.9,7.09,0.00908,0.00033,0.00015,0.0004
2466,7.09,8.48,0.00737,0.00025,0.0001,0.00031
2466,8.48,11.0,0.00429,0.00013,5e-05,0.00017
2466,11.0,16.6,0.00205,6e-05,2e-05,7e-05
2466,16.6,22.8,0.000881,3.1e-05,1.8e-05,3.4e-05
2466,22.8,41.9,0.000253,8e-06,4e-06,8e-06
2467,1.0,1.92,0.00581,0.00087,0.00028,0.00054
2467,1.92,2.97,0.0136,0.001,0.0006,0.0011
2467,2.97,4.02,0.013,0.001,0.0002,0.0007
2467,4.02,4.88,0.012,0.0005,0.0001,0.0006
2467,4.88,5.9,0.0114,0.0004,0.0001,0.0005
2467,5.9,7.09,0.00945,0.00033,0.00016,0.00042
2467,7.09,8.48,0.00697,0.00024,9e-05,0.00029
2467,8.48,11.0,0.00422,0.00013,3e-05,0.00016
2467,11.0,16.6,0.00198,6e-05,2e-05,7e-05
2467,16.6,22.8,0.000877,3.1e-05,1.2e-05,3.1e-05
2467,22.8,41.9,0.000241,8e-06,4e-06,8e-06
2468,1.0,1.92,0.00721,0.00094,0.00035,0.00067
2468,1.92,2.97,0.0124,0.001,0.0005,0.001
2468,2.97,4.02,0.0145,0.0011,0.0002,0.0007
2468,4.02,4.88,0.0131,0.0005,0.0001,0.0006
2468,4.88,5.9,0.0115,0.0004,0.0001,0.0005
2468,5.9,7.09,0.00853,0.00031,0.00015,0.00038
2468,7.09,8.48,0.00622,0.00022,8e-05,0.00026
2468,8.48,11.0,0.00424,0.00013,5e-05,0.00017
2468,11.0,16.6,0.00211,6e-05,3e-05,8e-05
2468,16.6,22.8,0.000897,3e-05,1.3e-05,3.2e-05
2468,22.8,41.9,0.000246,7e-06,3e-06,8e-06
2469,1.0,1.92,0.00657,0.00094,0.00032,0.00061
2469,1.92,2.97,0.0125,0.001,0.0005,0.001
2469,2.97,4.02,0.0146,0.0011,0.0003,0.0008
2469,4.02,4.88,0.0131,0.0006,0.0001,0.0006
2469,4.88,5.9,0.0112,0.0004,0.0001,0.0005
2469,5.9,7.09,0.00898,0.00032,0.00014,0.0004
2469,7.09,8.48,0.00708,0.00024,9e-05,0.00029
2469,8.48,11.0,0.00421,0.00013,4e-05,0.00016
2469,11.0,16.6,0.00212,6e-05,2e-05,8e-05
2469,16.6,22.8,0.000846,3e-05,1.5e-05,3.1e-05
2469,22.8,41.9,0.000243,8e-06,3e-06,8e-06
2470,1.0,1.92,0.0065,0.00098,0.00032,0.00061
2470,1.92,2.97,0.0125,0.0011,0.0005,0.001
2470,2.97,4.02,0.0145,0.0012,0.0003,0.0008
2470,4.02,4.88,0.0128,0.0006,0.0001,0.0006
2470,4.88,5.9,0.0114,0.0004,0.0001,0.0005
2470,5.9,7.09,0.00903,0.00033,0.00014,0.0004
2470,7.09,8.48,0.00712,0.00024,0.0001,0.0003
2470,8.48,11.0,0.00447,0.00013,4e-05,0.00017
2470,11.0,16.6,0.00216,6e-05,2e-05,8e-05
2470,16.6,22.8,0.000841,3e-05,7e-06,2.8e-05
2470,22.8,41.9,0.000235,7e-06,4e-06,8e-06
2471,1.0,1.92,0.00619,0.00117,0.00031,0.00058
2471,1.92,2.97,0.0123,0.0013,0.0005,0.001
2471,2.97,4.02,0.0141,0.0014,0.0003,0.0007
2471,4.02,4.88,0.0134,0.0007,0.0002,0.0006
2471,4.88,5.9,0.0115,0.0005,0.0001,0.0005
2471,5.9,7.09,0.00908,0.0004,0.00019,0.00042
2471,7.09,8.48,0.0062,0.00028,0.0001,0.00027
2471,8.48,11.0,0.00425,0.00016,5e-05,0.00017
2471,11.0,16.6,0.00211,7e-05,3e-05,8e-05
2471,16.6,22.8,0.000789,3.5e-05,1e-05,2.7e-05
2471,22.8,41.9,0.000256,9e-06,4e-06,9e-06
2474,1.0,1.92,0.00655,0.00104,0.00035,0.00063
2474,1.92,2.97,0.0122,0.001,0.0005,0.001
2474,2.97,4.02,0.0145,0.0011,0.0002,0.0008
2474,4.02,4.88,0.0124,0.0005,0.0001,0.0006
2474,4.88,5.9,0.0113,0.0004,0.0001,0.0005
2474,5.9,7.09,0.00893,0.00032,0.00013,0.00039
2474,7.09,8.48,0.0061,0.00022,9e-05,0.00026
2474,8.48,11.0,0.00409,0.00013,3e-05,0.00016
2474,11.0,16.6,0.00195,5e-05,2e-05,7e-05
2474,16.6,22.8,0.000824,3e-05,1.2e-05,2.9e-05
2474,22.8,41.9,0.000248,8e-06,4e-06,8e-06
2475,1.0,1.92,0.00659,0.00102,0.00034,0.00063
2475,1.92,2.97,0.0135,0.0011,0.0006,0.0011
2475,2.97,4.02,0.0144,0.0011,0.0003,0.0008
2475,4.02,4.88,0.0121,0.0005,0.0001,0.0006
2475,4.88,5.9,0.0111,0.0004,0.0001,0.0005
2475,5.9,7.09,0.00833,0.00032,0.00016,0.00038
2475,7.09,8.48,0.00653,0.00023,8e-05,0.00027
2475,8.48,11.0,0.00411,0.00013,6e-05,0.00017
2475,11.0,16.6,0.00219,6e-05,2e-05,8e-05
2475,16.6,22.8,0.00082,3e-05,1.3e-05,2.9e-05
2475,22.8,41.9,0.000244,8e-06,4e-06,8e-06
2476,1.0,1.92,0.0083,0.00108,0.0004,0.00078
2476,1.92,2.97,0.0118,0.001,0.0005,0.0009
2476,2.97,4.02,0.0124,0.001,0.0002,0.0006
2476,4.02,4.88,0.0113,0.0005,0.0001,0.0005
2476,4.88,5.9,0.0108,0.0004,0.0001,0.0005
2476,5.9,7.09,0.00837,0.00032,0.00017,0.00038
2476,7.09,8.48,0.00606,0.00022,7e-05,0.00025
2476,8.48,11.0,0.00403,0.00013,4e-05,0.00016
2476,11.0,16.6,0.00194,5e-05,2e-05,7e-05
2476,16.6,22.8,0.00087,3.1e-05,1.5e-05,3.2e-05
2476,22.8,41.9,0.000248,8e-06,5e-06,9e-06
2477,1.0,1.92,0.00708,0.00105,0.00035,0.00066
2477,1.92,2.97,0.011,0.001,0.0005,0.0009
2477,2.97,4.02,0.0134,0.001,0.0002,0.0007
2477,4.02,4.88,0.0112,0.0005,0.0001,0.0005
2477,4.88,5.9,0.0103,0.0004,0.0001,0.0005
2477,5.9,7.09,0.0086,0.00032,0.00013,0.00038
2477,7.09,8.48,0.00665,0.00024,9e-05,0.00028
2477,8.48,11.0,0.00398,0.00013,4e-05,0.00016
2477,11.0,16.6,0.00199,6e-05,2e-05,7e-05
2477,16.6,22.8,0.000891,3.1e-05,1.3e-05,3.1e-05
2477,22.8,41.9,0.000256,8e-06,5e-06,9e-06
2478,1.0,1.92,0.00533,0.00098,0.00027,0.0005
2478,1.92,2.97,0.00989,0.00109,0.00043,0.00079
2478,2.97,4.02,0.0111,0.0011,0.0002,0.0006
2478,4.02,4.88,0.0117,0.0006,0.0001,0.0005
2478,4.88,5.9,0.0109,0.0005,0.0001,0.0005
2478,5.9,7.09,0.00821,0.00034,0.00016,0.00037
2478,7.09,8.48,0.00634,0.00025,0.00011,0.00027
2478,8.48,11.0,0.00406,0.00013,6e-05,0.00016
2478,11.0,16.6,0.00206,6e-05,2e-05,8e-05
2478,16.6,22.8,0.000791,3e-05,1e-05,2.7e-05
2478,22.8,41.9,0.000232,8e-06,3e-06,7e-06
2479,1.0,1.92,0.00806,0.00109,0.00039,0.00076
2479,1.92,2.97,0.0107,0.001,0.0005,0.0008
2479,2.97,4.02,0.0133,0.0011,0.0003,0.0007
2479,4.02,4.88,0.0121,0.0005,0.0001,0.0006
2479,4.88,5.9,0.0117,0.0005,0.0001,0.0005
2479,5.9,7.09,0.00793,0.00032,0.00015,0.00036
2479,7.09,8.48,0.00609,0.00022,7e-05,0.00025
2479,8.48,11.0,0.00424,0.00013,5e-05,0.00017
2479,11.0,16.6,0.00189,5e-05,2e-05,7e-05
2479,16.6,22.8,0.000813,2.9e-05,1.4e-05,2.9e-05
2479,22.8,41.9,0.000245,7e-06,3e-06,8e-06
2480,1.0,1.92,0.00547,0.00091,0.00027,0.00052
2480,1.92,2.97,0.0113,0.001,0.0005,0.0009
2480,2.97,4.02,0.0122,0.0011,0.0002,0.0006
2480,4.02,4.88,0.0119,0.0005,0.0001,0.0005
2480,4.88,5.9,0.0114,0.0005,0.0001,0.0005
2480,5.9,7.09,0.00894,0.00033,0.00016,0.0004
2480,7.09,8.48,0.00634,0.00023,9e-05,0.00027
2480,8.48,11.0,0.00428,0.00013,4e-05,0.00017
2480,11.0,16.6,0.00205,6e-05,2e-05,8e-05
2480,16.6,22.8,0.000818,3e-05,1.2e-05,2.9e-05
2480,22.8,41.9,0.000251,8e-06,3e-06,8e-06
2481,1.0,1.92,0.00671,0.00106,0.00033,0.00063
2481,1.92,2.97,0.0108,0.0011,0.0005,0.0009
2481,2.97,4.02,0.014,0.0011,0.0002,0.0007
2481,4.02,4.88,0.0114,0.0006,0.0001,0.0005
2481,4.88,5.9,0.011,0.0005,0.0001,0.0005
2481,5.9,7.09,0.00862,0.00034,0.00013,0.00038
2481,7.09,8.48,0.00703,0.00026,0.00012,0.0003
2481,8.48,11.0,0.0038,0.00013,4e-05,0.00015
2481,11.0,16.6,0.00199,6e-05,3e-05,7e-05
2481,16.6,22.8,0.000861,3.2e-05,1.4e-05,3.1e-05
2481,22.8,41.9,0.000251,8e-06,4e-06,8e-06
2482,1.0,1.92,0.00683,0.00107,0.00034,0.00064
2482,1.92,2.97,0.0117,0.0011,0.0005,0.0009
2482,2.97,4.02,0.015,0.0011,0.0002,0.0008
2482,4.02,4.88,0.0119,0.0006,0.0001,0.0006
2482,4.88,5.9,0.0102,0.0004,0.0001,0.0005
2482,5.9,7.09,0.00904,0.00034,0.00017,0.00041
2482,7.09,8.48,0.00679,0.00024,9e-05,0.00028
2482,8.48,11.0,0.00409,0.00013,4e-05,0.00016
2482,11.0,16.6,0.00202,6e-05,2e-05,7e-05
2482,16.6,22.8,0.0008,2.9e-05,8e-06,2.7e-05
2482,22.8,41.9,0.000248,8e-06,3e-06,8e-06
2483,1.0,1.92,0.00772,0.00116,0.00037,0.00072
2483,1.92,2.97,0.0119,0.0012,0.0005,0.001
2483,2.97,4.02,0.0148,0.0012,0.0003,0.0008
2483,4.02,4.88,0.0125,0.0006,0.0002,0.0006
2483,4.88,5.9,0.0113,0.0005,0.0001,0.0005
2483,5.9,7.09,0.00967,0.00036,0.00018,0.00044
2483,7.09,8.48,0.00664,0.00024,7e-05,0.00027
2483,8.48,11.0,0.00436,0.00014,4e-05,0.00017
2483,11.0,16.6,0.00191,6e-05,1e-05,7e-05
2483,16.6,22.8,0.000848,3.1e-05,1.1e-05,2.9e-05
2483,22.8,41.9,0.000237,8e-06,3e-06,8e-06
2484,1.0,1.92,0.00663,0.00125,0.00034,0.00063
2484,1.92,2.97,0.0115,0.0013,0.0005,0.0009
2484,2.97,4.02,0.0158,0.0012,0.0002,0.0008
2484,4.02,4.88,0.0126,0.0006,0.0001,0.0006
2484,4.88,5.9,0.011,0.0005,0.0001,0.0005
2484,5.9,7.09,0.00929,0.00036,0.00015,0.00041
2484,7.09,8.48,0.00625,0.00024,0.0001,0.00027
2484,8.48,11.0,0.00433,0.00014,5e-05,0.00017
2484,11.0,16.6,0.00204,6e-05,3e-05,8e-05
2484,16.6,22.8,0.00085,3.2e-05,1.7e-05,3.2e-05
2484,22.8,41.9,0.000247,8e-06,5e-06,9e-06
2485,1.0,1.92,0.0101,0.0015,0.0005,0.0009
2485,1.92,2.97,0.0122,0.0012,0.0005,0.001
2485,2.97,4.02,0.0143,0.0011,0.0002,0.0007
2485,4.02,4.88,0.0118,0.0006,0.0001,0.0005
2485,4.88,5.9,0.0116,0.0005,0.0001,0.0005
2485,5.9,7.09,0.00935,0.00036,0.00018,0.00043
2485,7.09,8.48,0.00643,0.00024,0.0001,0.00027
2485,8.48,11.0,0.00434,0.00014,4e-05,0.00017
2485,11.0,16.6,0.00196,6e-05,2e-05,7e-05
2485,16.6,22.8,0.000903,3.3e-05,1.8e-05,3.4e-05
2485,22.8,41.9,0.000232,8e-06,3e-06,7e-06
2486,1.0,1.92,0.00521,0.00105,0.00027,0.00049
2486,1.92,2.97,0.0133,0.0012,0.0006,0.0011
2486,2.97,4.02,0.0136,0.0011,0.0003,0.0007
2486,4.02,4.88,0.0117,0.0006,0.0001,0.0005
2486,4.88,5.9,0.0115,0.0005,0.0001,0.0005
2486,5.9,7.09,0.00867,0.00034,0.00017,0.0004
2486,7.09,8.48,0.00656,0.00025,0.00013,0.00029
2486,8.48,11.0,0.00424,0.00014,3e-05,0.00016
2486,11.0,16.6,0.00205,6e-05,3e-05,8e-05
2486,16.6,22.8,0.000926,3.4e-05,1.4e-05,3.3e-05
2486,22.8,41.9,0.000247,8e-06,4e-06,8e-06
2487,1.0,1.92,0.00798,0.00113,0.00039,0.00075
2487,1.92,2.97,0.0128,0.0011,0.0005,0.001
2487,2.97,4.02,0.015,0.0011,0.0002,0.0008
2487,4.02,4.88,0.0132,0.0006,0.0001,0.0006
2487,4.88,5.9,0.0119,0.0005,0.0001,0.0005
2487,5.9,7.09,0.00887,0.00034,0.00018,0.00041
2487,7.09,8.48,0.00608,0.00022,9e-05,0.00026
2487,8.48,11.0,0.00462,0.00014,3e-05,0.00018
2487,11.0,16.6,0.00202,5e-05,2e-05,7e-05
2487,16.6,22.8,0.000885,3.1e-05,1.3e-05,3.1e-05
2487,22.8,41.9,0.000241,7e-06,3e-06,8e-06
2488,1.0,1.92,0.00762,0.00124,0.00039,0.00072
2488,1.92,2.97,0.012,0.0012,0.0005,0.001
2488,2.97,4.02,0.0139,0.0012,0.0003,0.0007
2488,4.02,4.88,0.0139,0.0006,0.0001,0.0006
2488,4.88,5.9,0.0128,0.0005,0.0001,0.0006
2488,5.9,7.09,0.00959,0.00036,0.00016,0.00043
2488,7.09,8.48,0.0064,0.00024,8e-05,0.00027
2488,8.48,11.0,0.00418,0.00014,5e-05,0.00016
2488,11.0,16.6,0.00207,6e-05,2e-05,8e-05
2488,16.6,22.8,0.000789,3e-05,1e-05,2.7e-05
2488,22.8,41.9,0.000242,8e-06,3e-06,8e-06
2489,1.0,1.92,0.00772,0.00118,0.00038,0.00072
2489,1.92,2.97,0.0136,0.0012,0.0006,0.0011
2489,2.97,4.02,0.0131,0.0011,0.0003,0.0007
2489,4.02,4.88,0.0129,0.0006,0.0001,0.0006
2489,4.88,5.9,0.0113,0.0005,0.0001,0.0005
2489,5.9,7.09,0.0104,0.0004,0.0001,0.0004
2489,7.09,8.48,0.00688,0.00025,0.0001,0.00029
2489,8.48,11.0,0.0042,0.00013,5e-05,0.00017
2489,11.0,16.6,0.00214,6e-05,2e-05,8e-05
2489,16.6,22.8,0.00079,3e-05,9e-06,2.7e-05
2489,22.8,41.9,0.000242,8e-06,4e-06,8e-06
2490,1.0,1.92,0.00853,0.00133,0.00042,0.0008
2490,1.92,2.97,0.0146,0.0012,0.0006,0.0012
2490,2.97,4.02,0.0139,0.0013,0.0003,0.0008
2490,4.02,4.88,0.014,0.0006,0.0002,0.0007
2490,4.88,5.9,0.0119,0.0005,0.0001,0.0005
2490,5.9,7.09,0.00999,0.00038,0.00021,0.00046
2490,7.09,8.48,0.00695,0.00026,9e-05,0.00029
2490,8.48,11.0,0.00431,0.00014,4e-05,0.00017
2490,11.0,16.6,0.0021,6e-05,3e-05,8e-05
2490,16.6,22.8,0.000903,3.3e-05,2.1e-05,3.6e-05
2490,22.8,41.9,0.000247,8e-06,3e-06,8e-06
2491,1.0,1.92,0.00949,0.00141,0.00046,0.00089
2491,1.92,2.97,0.0138,0.0012,0.0006,0.0011
2491,2.97,4.02,0.0138,0.0012,0.0003,0.0007
2491,4.02,4.88,0.0131,0.0006,0.0001,0.0006
2491,4.88,5.9,0.0118,0.0005,0.0001,0.0005
2491,5.9,7.09,0.00982,0.00036,0.00018,0.00044
2491,7.09,8.48,0.00611,0.00024,0.00011,0.00026
2491,8.48,11.0,0.00409,0.00013,4e-05,0.00016
2491,11.0,16.6,0.00217,6e-05,3e-05,8e-05
2491,16.6,22.8,0.000835,3.1e-05,7e-06,2.8e-05
2491,22.8,41.9,0.000253,8e-06,5e-06,9e-06
2492,1.0,1.92,0.00696,0.00119,0.00035,0.00066
2492,1.92,2.97,0.0148,0.0012,0.0006,0.0012
2492,2.97,4.02,0.0139,0.0012,0.0003,0.0007
2492,4.02,4.88,0.0129,0.0006,0.0001,0.0006
2492,4.88,5.9,0.0118,0.0005,0.0001,0.0005
2492,5.9,7.09,0.00935,0.00035,0.00019,0.00043
2492,7.09,8.48,0.00657,0.00024,7e-05,0.00027
2492,8.48,11.0,0.00453,0.00014,5e-05,0.00018
2492,11.0,16.6,0.00193,6e-05,2e-05,7e-05
2492,16.6,22.8,0.00085,3.2e-05,9e-06,2.9e-05
2492,22.8,41.9,0.000242,8e-06,4e-06,8e-06
2493,1.0,1.92,0.00796,0.00138,0.00038,0.00074
2493,1.92,2.97,0.0141,0.0013,0.0006,0.0011
2493,2.97,4.02,0.0154,0.0014,0.0003,0.0008
2493,4.02,4.88,0.013,0.0006,0.0001,0.0006
2493,4.88,5.9,0.0116,0.0005,0.0001,0.0005
2493,5.9,7.09,0.00896,0.00035,0.00019,0.00041
2493,7.09,8.48,0.00662,0.00025,8e-05,0.00027
2493,8.48,11.0,0.00438,0.00014,7e-05,0.00018
2493,11.0,16.6,0.00203,6e-05,2e-05,7e-05
2493,16.6,22.8,0.000844,3.2e-05,1.8e-05,3.2e-05
2493,22.8,41.9,0.000236,8e-06,4e-06,8e-06
2494,1.0,1.92,0.0114,0.0015,0.0006,0.0011
2494,1.92,2.97,0.0143,0.0012,0.0006,0.0011
2494,2.97,4.02,0.0155,0.0012,0.0003,0.0008
2494,4.02,4.88,0.013,0.0006,0.0001,0.0006
2494,4.88,5.9,0.013,0.0005,0.0001,0.0006
2494,5.9,7.09,0.00906,0.00035,0.00016,0.00041
2494,7.09,8.48,0.0067,0.00024,9e-05,0.00028
2494,8.48,11.0,0.00427,0.00013,3e-05,0.00016
2494,11.0,16.6,0.00216,6e-05,3e-05,8e-05
2494,16.6,22.8,0.000934,3.3e-05,1.8e-05,3.5e-05
2494,22.8,41.9,0.000248,8e-06,4e-06,8e-06
2495,1.0,1.92,0.00842,0.00132,0.00044,0.00081
2495,1.92,2.97,0.0144,0.0012,0.0006,0.0011
2495,2.97,4.02,0.0163,0.0012,0.0002,0.0008
2495,4.02,4.88,0.0134,0.0006,0.0001,0.0006
2495,4.88,5.9,0.0125,0.0005,0.0001,0.0005
2495,5.9,7.09,0.00965,0.00035,0.00016,0.00043
2495,7.09,8.48,0.00641,0.00024,9e-05,0.00027
2495,8.48,11.0,0.00418,0.00013,6e-05,0.00017
2495,11.0,16.6,0.00206,6e-05,2e-05,8e-05
2495,16.6,22.8,0.000868,3.1e-05,1.3e-05,3.1e-05
2495,22.8,41.9,0.000231,7e-06,3e-06,7e-06
2496,1.0,1.92,0.00863,0.00136,0.00041,0.0008
2496,1.92,2.97,0.0141,0.0013,0.0006,0.0011
2496,2.97,4.02,0.0153,0.0012,0.0003,0.0008
2496,4.02,4.88,0.0134,0.0006,0.0002,0.0006
2496,4.88,5.9,0.0114,0.0005,0.0001,0.0005
2496,5.9,7.09,0.00927,0.00035,0.00018,0.00042
2496,7.09,8.48,0.00653,0.00025,9e-05,0.00028
2496,8.48,11.0,0.00435,0.00014,5e-05,0.00017
2496,11.0,16.6,0.00198,6e-05,2e-05,7e-05
2496,16.6,22.8,0.000799,3.1e-05,1.4e-05,2.9e-05
2496,22.8,41.9,0.000246,8e-06,4e-06,8e-06
2497,1.0,1.92,0.00858,0.00132,0.00041,0.0008
2497,1.92,2.97,0.0154,0.0013,0.0007,0.0012
2497,2.97,4.02,0.017,0.0012,0.0003,0.0009
2497,4.02,4.88,0.0131,0.0006,0.0001,0.0006
2497,4.88,5.9,0.012,0.0005,0.0001,0.0005
2497,5.9,7.09,0.0101,0.0004,0.0002,0.0004
2497,7.09,8.48,0.00677,0.00025,8e-05,0.00028
2497,8.48,11.0,0.00423,0.00014,4e-05,0.00017
2497,11.0,16.6,0.00197,6e-05,3e-05,7e-05
2497,16.6,22.8,0.000855,3.1e-05,1e-05,2.9e-05
2497,22.8,41.9,0.000255,8e-06,3e-06,8e-06
2498,1.0,1.92,0.0106,0.0016,0.0005,0.001
2498,1.92,2.97,0.0157,0.0014,0.0007,0.0012
2498,2.97,4.02,0.0138,0.0012,0.0002,0.0007
2498,4.02,4.88,0.0142,0.0006,0.0001,0.0007
2498,4.88,5.9,0.0125,0.0005,0.0001,0.0005
2498,5.9,7.09,0.00901,0.00035,0.00016,0.00041
2498,7.09,8.48,0.00718,0.00026,0.0001,0.0003
2498,8.48,11.0,0.00439,0.00014,6e-05,0.00018
2498,11.0,16.6,0.0021,6e-05,2e-05,8e-05
2498,16.6,22.8,0.000839,3.1e-05,1.1e-05,2.9e-05
2498,22.8,41.9,0.000244,8e-06,3e-06,8e-06
2499,1.0,1.92,0.00972,0.00163,0.00046,0.00091
2499,1.92,2.97,0.0174,0.0015,0.0007,0.0014
2499,2.97,4.02,0.0151,0.0014,0.0003,0.0008
2499,4.02,4.88,0.0122,0.0006,0.0002,0.0006
2499,4.88,5.9,0.0127,0.0005,0.0001,0.0006
2499,5.9,7.09,0.00877,0.00036,0.00019,0.00041
2499,7.09,8.48,0.00665,0.00025,9e-05,0.00028
2499,8.48,11.0,0.00461,0.00015,6e-05,0.00018
2499,11.0,16.6,0.00212,6e-05,3e-05,8e-05
2499,16.6,22.8,0.000832,3.2e-05,1.9e-05,3.3e-05
2499,22.8,41.9,0.000256,8e-06,4e-06,9e-06
2500,1.0,1.92,0.00746,0.0014,0.0004,0.00072
2500,1.92,2.97,0.0129,0.0012,0.0006,0.001
2500,2.97,4.02,0.0173,0.0014,0.0003,0.0009
2500,4.02,4.88,0.0138,0.0006,0.0001,0.0006
2500,4.88,5.9,0.0129,0.0005,0.0001,0.0006
2500,5.9,7.09,0.00959,0.00036,0.00017,0.00043
2500,7.09,8.48,0.00715,0.00026,8e-05,0.00029
2500,8.48,11.0,0.00443,0.00014,5e-05,0.00017
2500,11.0,16.6,0.00213,6e-05,3e-05,8e-05
2500,16.6,22.8,0.00088,3.3e-05,1.7e-05,3.3e-05
2500,22.8,41.9,0.000243,8e-06,3e-06,8e-06
2501,1.0,1.92,0.00929,0.00148,0.00047,0.00088
2501,1.92,2.97,0.0143,0.0013,0.0006,0.0011
2501,2.97,4.02,0.0158,0.0015,0.0004,0.0009
2501,4.02,4.88,0.0148,0.0006,0.0001,0.0007
2501,4.88,5.9,0.0125,0.0005,0.0001,0.0005
2501,5.9,7.09,0.00964,0.00035,0.00013,0.00042
2501,7.09,8.48,0.00781,0.00027,8e-05,0.00032
2501,8.48,11.0,0.00428,0.00014,4e-05,0.00017
2501,11.0,16.6,0.00218,6e-05,3e-05,8e-05
2501,16.6,22.8,0.00085,3.1e-05,9e-06,2.9e-05
2501,22.8,41.9,0.000267,8e-06,4e-06,9e-06
2502,1.0,1.92,0.00749,0.00131,0.00037,0.00071
2502,1.92,2.97,0.0154,0.0013,0.0007,0.0012
2502,2.97,4.02,0.0181,0.0015,0.0003,0.0009
2502,4.02,4.88,0.0136,0.0006,0.0001,0.0006
2502,4.88,5.9,0.0123,0.0005,0.0001,0.0005
2502,5.9,7.09,0.01,0.0004,0.0002,0.0004
2502,7.09,8.48,0.00713,0.00026,0.00015,0.00032
2502,8.48,11.0,0.00504,0.00015,7e-05,0.0002
2502,11.0,16.6,0.00214,6e-05,2e-05,8e-05
2502,16.6,22.8,0.000812,3e-05,1.5e-05,3e-05
2502,22.8,41.9,0.00024,8e-06,4e-06,8e-06
2503,1.0,1.92,0.00929,0.00142,0.00046,0.00087
2503,1.92,2.97,0.0149,0.0013,0.0007,0.0012
2503,2.97,4.02,0.0167,0.0014,0.0003,0.0009
2503,4.02,4.88,0.0132,0.0006,0.0001,0.0006
2503,4.88,5.9,0.0123,0.0005,0.0001,0.0005
2503,5.9,7.09,0.0108,0.0004,0.0001,0.0005
2503,7.09,8.48,0.00676,0.00025,0.0001,0.00029
2503,8.48,11.0,0.00427,0.00013,4e-05,0.00017
2503,11.0,16.6,0.00211,6e-05,2e-05,8e-05
2503,16.6,22.8,0.00091,3.2e-05,1.3e-05,3.2e-05
2503,22.8,41.9,0.000257,8e-06,4e-06,9e-06
2504,1.0,1.92,0.00653,0.00144,0.00033,0.00062
2504,1.92,2.97,0.0149,0.0015,0.0006,0.0012
2504,2.97,4.02,0.0173,0.0015,0.0003,0.0009
2504,4.02,4.88,0.0139,0.0007,0.0002,0.0006
2504,4.88,5.9,0.0119,0.0005,0.0001,0.0005
2504,5.9,7.09,0.0103,0.0004,0.0002,0.0005
2504,7.09,8.48,0.00726,0.00029,0.00012,0.00031
2504,8.48,11.0,0.00469,0.00016,5e-05,0.00018
2504,11.0,16.6,0.00222,7e-05,2e-05,8e-05
2504,16.6,22.8,0.000859,3.4e-05,1.7e-05,3.2e-05
2504,22.8,41.9,0.000237,8e-06,4e-06,8e-06
2505,1.0,1.92,0.00914,0.00163,0.00045,0.00086
2505,1.92,2.97,0.0145,0.0014,0.0006,0.0012
2505,2.97,4.02,0.0151,0.0014,0.0003,0.0008
2505,4.02,4.88,0.0152,0.0007,0.0001,0.0007
2505,4.88,5.9,0.0129,0.0005,0.0001,0.0006
2505,5.9,7.09,0.0104,0.0004,0.0001,0.0004
2505,7.09,8.48,0.00655,0.00025,9e-05,0.00028
2505,8.48,11.0,0.00452,0.00014,4e-05,0.00018
2505,11.0,16.6,0.00216,6e-05,3e-05,8e-05
2505,16.6,22.8,0.000842,3.1e-05,1.8e-05,3.2e-05
2505,22.8,41.9,0.000247,8e-06,4e-06,8e-06
2506,1.0,1.92,0.0081,0.00148,0.00039,0.00076
2506,1.92,2.97,0.0147,0.0014,0.0006,0.0012
2506,2.97,4.02,0.0136,0.0014,0.0003,0.0007
2506,4.02,4.88,0.0143,0.0007,0.0002,0.0007
2506,4.88,5.9,0.0127,0.0005,0.0001,0.0006
2506,5.9,7.09,0.0102,0.0004,0.0001,0.0004
2506,7.09,8.48,0.00714,0.00026,0.0001,0.0003
2506,8.48,11.0,0.00447,0.00014,6e-05,0.00018
2506,11.0,16.6,0.00209,6e-05,2e-05,8e-05
2506,16.6,22.8,0.00089,3.3e-05,1.4e-05,3.2e-05
2506,22.8,41.9,0.000255,8e-06,3e-06,8e-06
2507,1.0,1.92,0.0107,0.0018,0.0005,0.001
2507,1.92,2.97,0.0151,0.0015,0.0007,0.0012
2507,2.97,4.02,0.0153,0.0015,0.0004,0.0009
2507,4.02,4.88,0.0144,0.0007,0.0001,0.0007
2507,4.88,5.9,0.0131,0.0005,0.0001,0.0006
2507,5.9,7.09,0.00997,0.00039,0.00019,0.00045
2507,7.09,8.48,0.00674,0.00026,8e-05,0.00028
2507,8.48,11.0,0.00491,0.00015,6e-05,0.00019
2507,11.0,16.6,0.00219,6e-05,2e-05,8e-05
2507,16.6,22.8,0.000895,3.4e-05,1.6e-05,3.3e-05
2507,22.8,41.9,0.000248,8e-06,6e-06,1e-05
2508,1.0,1.92,0.00829,0.00135,0.00042,0.00079
2508,1.92,2.97,0.0151,0.0013,0.0007,0.0012
2508,2.97,4.02,0.0159,0.0013,0.0003,0.0008
2508,4.02,4.88,0.0147,0.0007,0.0001,0.0007
2508,4.88,5.9,0.0129,0.0005,0.0001,0.0006
2508,5.9,7.09,0.0103,0.0004,0.0001,0.0004
2508,7.09,8.48,0.00691,0.00025,9e-05,0.00029
2508,8.48,11.0,0.0047,0.00015,5e-05,0.00018
2508,11.0,16.6,0.00215,6e-05,1e-05,8e-05
2508,16.6,22.8,0.000832,3.1e-05,1.2e-05,2.9e-05
2508,22.8,41.9,0.000243,8e-06,4e-06,8e-06
2509,1.0,1.92,0.0103,0.0017,0.0005,0.001
2509,1.92,2.97,0.0177,0.0015,0.0008,0.0014
2509,2.97,4.02,0.0172,0.0013,0.0003,0.0009
2509,4.02,4.88,0.0146,0.0007,0.0001,0.0007
2509,4.88,5.9,0.0123,0.0005,0.0001,0.0005
2509,5.9,7.09,0.00943,0.00037,0.00018,0.00043
2509,7.09,8.48,0.00786,0.00027,0.0001,0.00033
2509,8.48,11.0,0.00462,0.00015,6e-05,0.00019
2509,11.0,16.6,0.0021,6e-05,2e-05,8e-05
2509,16.6,22.8,0.000867,3.2e-05,1e-05,3e-05
2509,22.8,41.9,0.000259,8e-06,5e-06,9e-06
2510,1.0,1.92,0.0104,0.0015,0.0005,0.001
2510,1.92,2.97,0.0151,0.0013,0.0007,0.0012
2510,2.97,4.02,0.0166,0.0013,0.0003,0.0009
2510,4.02,4.88,0.0143,0.0006,0.0002,0.0007
2510,4.88,5.9,0.012,0.0005,0.0001,0.0005
2510,5.9,7.09,0.00975,0.00037,0.00018,0.00044
2510,7.09,8.48,0.00724,0.00026,8e-05,0.0003
2510,8.48,11.0,0.00408,0.00013,3e-05,0.00016
2510,11.0,16.6,0.00205,6e-05,2e-05,7e-05
2510,16.6,22.8,0.000933,3.4e-05,1.4e-05,3.3e-05
2510,22.8,41.9,0.000245,8e-06,5e-06,9e-06
2511,1.0,1.92,0.00782,0.00169,0.00039,0.00074
2511,1.92,2.97,0.0135,0.0016,0.0006,0.0011
2511,2.97,4.02,0.0141,0.0015,0.0004,0.0008
2511,4.02,4.88,0.0129,0.0007,0.0001,0.0006
2511,4.88,5.9,0.012,0.0005,0.0001,0.0005
2511,5.9,7.09,0.0101,0.0004,0.0001,0.0004
2511,7.09,8.48,0.00719,0.00027,0.00011,0.0003
2511,8.48,11.0,0.00438,0.00015,7e-05,0.00018
2511,11.0,16.6,0.00203,6e-05,2e-05,8e-05
2511,16.6,22.8,0.000857,3.3e-05,1.3e-05,3e-05
2511,22.8,41.9,0.000262,8e-06,3e-06,8e-06
2512,1.0,1.92,0.0112,0.0018,0.0005,0.001
2512,1.92,2.97,0.0158,0.0015,0.0007,0.0012
2512,2.97,4.02,0.0132,0.0014,0.0003,0.0007
2512,4.02,4.88,0.0139,0.0007,0.0002,0.0006
2512,4.88,5.9,0.012,0.0005,0.0001,0.0005
2512,5.9,7.09,0.00964,0.00039,0.00023,0.00046
2512,7.09,8.48,0.00707,0.00027,7e-05,0.00029
2512,8.48,11.0,0.00453,0.00015,6e-05,0.00018
2512,11.0,16.6,0.00199,6e-05,2e-05,7e-05
2512,16.6,22.8,0.000909,3.3e-05,1e-05,3.1e-05
2512,22.8,41.9,0.000254,8e-06,2e-06,8e-06
2513,1.0,1.92,0.0106,0.0016,0.0005,0.001
2513,1.92,2.97,0.0131,0.0013,0.0006,0.001
2513,2.97,4.02,0.0146,0.0014,0.0004,0.0008
2513,4.02,4.88,0.0139,0.0007,0.0002,0.0006
2513,4.88,5.9,0.0123,0.0005,0.0001,0.0005
2513,5.9,7.09,0.00963,0.00037,0.00018,0.00043
2513,7.09,8.48,0.0067,0.00026,0.00011,0.00029
2513,8.48,11.0,0.00443,0.00014,5e-05,0.00017
2513,11.0,16.6,0.00213,6e-05,3e-05,8e-05
2513,16.6,22.8,0.000792,3e-05,1.5e-05,3e-05
2513,22.8,41.9,0.000232,8e-06,4e-06,8e-06
2514,1.0,1.92,0.0104,0.0015,0.0005,0.001
2514,1.92,2.97,0.0152,0.0013,0.0007,0.0012
2514,2.97,4.02,0.0154,0.0013,0.0003,0.0008
2514,4.02,4.88,0.0137,0.0006,0.0001,0.0006
2514,4.88,5.9,0.0123,0.0005,0.0001,0.0005
2514,5.9,7.09,0.00954,0.00036,0.00014,0.00042
2514,7.09,8.48,0.00723,0.00026,9e-05,0.0003
2514,8.48,11.0,0.00415,0.00014,5e-05,0.00016
2514,11.0,16.6,0.00218,6e-05,2e-05,8e-05
2514,16.6,22.8,0.000913,3.3e-05,1.3e-05,3.2e-05
2514,22.8,41.9,0.000239,8e-06,2e-06,7e-06
2515,1.0,1.92,0.0078,0.00133,0.00039,0.00074
2515,1.92,2.97,0.014,0.0013,0.0006,0.0011
2515,2.97,4.02,0.0155,0.0013,0.0003,0.0008
2515,4.02,4.88,0.0153,0.0007,0.0002,0.0007
2515,4.88,5.9,0.0127,0.0005,0.0001,0.0006
2515,5.9,7.09,0.00966,0.00036,0.00015,0.00043
2515,7.09,8.48,0.00749,0.00027,0.00012,0.00032
2515,8.48,11.0,0.00436,0.00014,5e-05,0.00017
2515,11.0,16.6,0.00217,6e-05,2e-05,8e-05
2515,16.6,22.8,0.000875,3.2e-05,1.8e-05,3.3e-05
2515,22.8,41.9,0.000239,8e-06,4e-06,8e-06
2516,1.0,1.92,0.01,0.0014,0.0005,0.0009
2516,1.92,2.97,0.0133,0.0012,0.0006,0.001
2516,2.97,4.02,0.0142,0.0012,0.0003,0.0008
2516,4.02,4.88,0.0153,0.0007,0.0002,0.0007
2516,4.88,5.9,0.013,0.0005,0.0001,0.0006
2516,5.9,7.09,0.0103,0.0004,0.0002,0.0005
2516,7.09,8.48,0.00733,0.00026,0.00011,0.00031
2516,8.48,11.0,0.0047,0.00014,4e-05,0.00018
2516,11.0,16.6,0.00205,6e-05,2e-05,7e-05
2516,16.6,22.8,0.000879,3.2e-05,1.1e-05,3e-05
2516,22.8,41.9,0.000264,8e-06,4e-06,9e-06
2517,1.0,1.92,0.0108,0.0015,0.0005,0.001
2517,1.92,2.97,0.0165,0.0014,0.0007,0.0013
2517,2.97,4.02,0.0174,0.0013,0.0003,0.0009
2517,4.02,4.88,0.0145,0.0006,0.0001,0.0007
2517,4.88,5.9,0.0126,0.0005,0.0001,0.0006
2517,5.9,7.09,0.0101,0.0004,0.0002,0.0005
2517,7.09,8.48,0.00734,0.00026,0.00014,0.00032
2517,8.48,11.0,0.00454,0.00014,4e-05,0.00018
2517,11.0,16.6,0.00205,6e-05,2e-05,8e-05
2517,16.6,22.8,0.000871,3.1e-05,1.8e-05,3.4e-05
2517,22.8,41.9,0.000252,8e-06,4e-06,8e-06
2518,1.0,1.92,0.0103,0.0017,0.0005,0.001
2518,1.92,2.97,0.0164,0.0015,0.0007,0.0013
2518,2.97,4.02,0.0144,0.0013,0.0003,0.0008
2518,4.02,4.88,0.0151,0.0007,0.0001,0.0007
2518,4.88,5.9,0.0129,0.0005,0.0001,0.0006
2518,5.9,7.09,0.0103,0.0004,0.0002,0.0005
2518,7.09,8.48,0.00706,0.00026,9e-05,0.00029
2518,8.48,11.0,0.00474,0.00015,6e-05,0.00019
2518,11.0,16.6,0.00203,6e-05,2e-05,8e-05
2518,16.6,22.8,0.000846,3.2e-05,1.3e-05,3e-05
2518,22.8,41.9,0.000248,8e-06,4e-06,8e-06
2519,1.0,1.92,0.00849,0.00153,0.00041,0.00079
2519,1.92,2.97,0.0196,0.0016,0.0008,0.0015
2519,2.97,4.02,0.0152,0.0015,0.0003,0.0008
2519,4.02,4.88,0.0156,0.0007,0.0004,0.0008
2519,4.88,5.9,0.0125,0.0005,0.0001,0.0006
2519,5.9,7.09,0.0101,0.0004,0.0002,0.0005
2519,7.09,8.48,0.00688,0.00026,0.00011,0.00029
2519,8.48,11.0,0.00473,0.00016,6e-05,0.00019
2519,11.0,16.6,0.00216,7e-05,3e-05,8e-05
2519,16.6,22.8,0.000887,3.4e-05,2.5e-05,3.8e-05
2519,22.8,41.9,0.00025,9e-06,4e-06,8e-06
2520,1.0,1.92,0.0124,0.0018,0.0006,0.0012
2520,1.92,2.97,0.017,0.0014,0.0007,0.0013
2520,2.97,4.02,0.0177,0.0014,0.0003,0.0009
2520,4.02,4.88,0.0141,0.0007,0.0002,0.0007
2520,4.88,5.9,0.0137,0.0005,0.0001,0.0006
2520,5.9,7.09,0.0103,0.0004,0.0002,0.0005
2520,7.09,8.48,0.00724,0.00026,8e-05,0.0003
2520,8.48,11.0,0.00461,0.00014,4e-05,0.00018
2520,11.0,16.6,0.0021,6e-05,2e-05,8e-05
2520,16.6,22.8,0.000837,3.1e-05,1e-05,2.9e-05
2520,22.8,41.9,0.000249,8e-06,5e-06,9e-06
2521,1.0,1.92,0.0105,0.0015,0.0005,0.001
2521,1.92,2.97,0.0178,0.0014,0.0008,0.0014
2521,2.97,4.02,0.0167,0.0014,0.0004,0.0009
2521,4.02,4.88,0.0157,0.0007,0.0002,0.0007
2521,4.88,5.9,0.0128,0.0005,0.0001,0.0006
2521,5.9,7.09,0.00961,0.00037,0.00021,0.00045
2521,7.09,8.48,0.007,0.00026,0.00011,0.0003
2521,8.48,11.0,0.00449,0.00014,4e-05,0.00017
2521,11.0,16.6,0.00221,6e-05,3e-05,8e-05
2521,16.6,22.8,0.000889,3.3e-05,1.6e-05,3.3e-05
2521,22.8,41.9,0.00024,8e-06,4e-06,8e-06
2522,1.0,1.92,0.00875,0.00147,0.00045,0.00083
2522,1.92,2.97,0.0194,0.0015,0.0008,0.0015
2522,2.97,4.02,0.0177,0.0014,0.0003,0.0009
2522,4.02,4.88,0.0155,0.0007,0.0002,0.0007
2522,4.88,5.9,0.0137,0.0005,0.0001,0.0006
2522,5.9,7.09,0.00945,0.00036,0.00017,0.00043
2522,7.09,8.48,0.00738,0.00027,0.0001,0.00031
2522,8.48,11.0,0.00509,0.00015,4e-05,0.0002
2522,11.0,16.6,0.0022,6e-05,2e-05,8e-05
2522,16.6,22.8,0.000814,3.1e-05,1.3e-05,2.9e-05
2522,22.8,41.9,0.000235,8e-06,3e-06,8e-06
2523,1.0,1.92,0.0125,0.0021,0.0006,0.0012
2523,1.92,2.97,0.017,0.0018,0.0007,0.0014
2523,2.97,4.02,0.0191,0.0019,0.0004,0.001
2523,4.02,4.88,0.0153,0.0009,0.0002,0.0007
2523,4.88,5.9,0.013,0.0007,0.0001,0.0006
2523,5.9,7.09,0.011,0.0005,0.0002,0.0005
2523,7.09,8.48,0.00782,0.00036,0.00018,0.00036
2523,8.48,11.0,0.00478,0.00019,6e-05,0.00019
2523,11.0,16.6,0.00216,8e-05,3e-05,8e-05
2523,16.6,22.8,0.000859,4.3e-05,1.6e-05,3.2e-05
2523,22.8,41.9,0.000267,1.1e-05,5e-06,9e-06
2524,1.0,1.92,0.00868,0.00288,0.00044,0.00082
2524,1.92,2.97,0.0165,0.0027,0.0007,0.0013
2524,2.97,4.02,0.0194,0.0028,0.0004,0.001
2524,4.02,4.88,0.0167,0.0014,0.0004,0.0009
2524,4.88,5.9,0.0122,0.001,0.0002,0.0006
2524,5.9,7.09,0.0107,0.0008,0.0004,0.0006
2524,7.09,8.48,0.0069,0.00047,0.00012,0.0003
2524,8.48,11.0,0.0054,0.0003,0.00014,0.00025
2524,11.0,16.6,0.00227,0.00012,4e-05,9e-05
2524,16.6,22.8,0.000844,6e-05,1.6e-05,3.2e-05
2524,22.8,41.9,0.000282,1.6e-05,9e-06,1.2e-05
2525,1.0,1.92,0.0097,0.0017,0.00051,0.00093
2525,1.92,2.97,0.0197,0.0016,0.0009,0.0016
2525,2.97,4.02,0.0151,0.0014,0.0003,0.0008
2525,4.02,4.88,0.015,0.0007,0.0001,0.0007
2525,4.88,5.9,0.0136,0.0005,0.0001,0.0006
2525,5.9,7.09,0.00979,0.00038,0.00018,0.00044
2525,7.09,8.48,0.00746,0.00027,7e-05,0.0003
2525,8.48,11.0,0.00473,0.00015,3e-05,0.00018
2525,11.0,16.6,0.00222,6e-05,2e-05,8e-05
2525,16.6,22.8,0.000862,3.2e-05,9e-06,2.9e-05
2525,22.8,41.9,0.000254,8e-06,4e-06,8e-06
2527,1.0,1.92,0.00921,0.00172,0.0005,0.00089
2527,1.92,2.97,0.015,0.0015,0.0007,0.0012
2527,2.97,4.02,0.0176,0.0015,0.0003,0.0009
2527,4.02,4.88,0.0141,0.0007,0.0001,0.0006
2527,4.88,5.9,0.0148,0.0006,0.0001,0.0006
2527,5.9,7.09,0.00984,0.0004,0.00019,0.00045
2527,7.09,8.48,0.00728,0.00028,8e-05,0.0003
2527,8.48,11.0,0.00447,0.00016,5e-05,0.00018
2527,11.0,16.6,0.00221,7e-05,3e-05,8e-05
2527,16.6,22.8,0.000845,3.5e-05,1.3e-05,3e-05
2527,22.8,41.9,0.000238,9e-06,4e-06,8e-06
2528,1.0,1.92,0.0127,0.0017,0.0006,0.0012
2528,1.92,2.97,0.0158,0.0013,0.0007,0.0013
2528,2.97,4.02,0.0188,0.0013,0.0003,0.001
2528,4.02,4.88,0.0162,0.0007,0.0002,0.0007
2528,4.88,5.9,0.0128,0.0005,0.0001,0.0006
2528,5.9,7.09,0.0107,0.0004,0.0001,0.0005
2528,7.09,8.48,0.00772,0.00027,0.0001,0.00032
2528,8.48,11.0,0.00482,0.00015,5e-05,0.00019
2528,11.0,16.6,0.00215,6e-05,2e-05,8e-05
2528,16.6,22.8,0.00092,3.4e-05,1e-05,3.1e-05
2528,22.8,41.9,0.00024,8e-06,3e-06,8e-06
2529,1.0,1.92,0.0104,0.0016,0.0005,0.001
2529,1.92,2.97,0.0162,0.0015,0.0007,0.0013
2529,2.97,4.02,0.0164,0.0013,0.0003,0.0009
2529,4.02,4.88,0.015,0.0007,0.0002,0.0007
2529,4.88,5.9,0.014,0.0006,0.0001,0.0006
2529,5.9,7.09,0.0104,0.0004,0.0002,0.0005
2529,7.09,8.48,0.00708,0.00027,0.00012,0.0003
2529,8.48,11.0,0.00466,0.00015,4e-05,0.00018
2529,11.0,16.6,0.00218,6e-05,3e-05,8e-05
2529,16.6,22.8,0.000874,3.3e-05,1.4e-05,3.1e-05
2529,22.8,41.9,0.000245,8e-06,4e-06,8e-06
2530,1.0,1.92,0.0131,0.0027,0.0006,0.0012
2530,1.92,2.97,0.0179,0.0023,0.0008,0.0014
2530,2.97,4.02,0.0239,0.0024,0.0004,0.0012
2530,4.02,4.88,0.0164,0.0011,0.0003,0.0008
2530,4.88,5.9,0.0125,0.0008,0.0002,0.0006
2530,5.9,7.09,0.0107,0.0006,0.0003,0.0005
2530,7.09,8.48,0.00738,0.00043,0.00015,0.00033
2530,8.48,11.0,0.00463,0.00024,8e-05,0.00019
2530,11.0,16.6,0.0024,0.00011,9e-05,0.00013
2530,16.6,22.8,0.00088,5.4e-05,1.2e-05,3.1e-05
2530,22.8,41.9,0.000226,1.2e-05,4e-06,8e-06
2531,1.0,1.92,0.0128,0.0029,0.0006,0.0012
2531,1.92,2.97,0.0173,0.0024,0.0008,0.0014
2531,2.97,4.02,0.0156,0.0021,0.0004,0.0009
2531,4.02,4.88,0.0146,0.0011,0.0002,0.0007
2531,4.88,5.9,0.0126,0.0008,0.0001,0.0006
2531,5.9,7.09,0.0108,0.0006,0.0003,0.0005
2531,7.09,8.48,0.00838,0.00044,0.00017,0.00037
2531,8.48,11.0,0.00483,0.00024,0.00015,0.00024
2531,11.0,16.6,0.00259,0.00011,4e-05,0.0001
2531,16.6,22.8,0.000842,5.1e-05,2.7e-05,3.8e-05
2531,22.8,41.9,0.000252,1.3e-05,3e-06,8e-06
2532,1.0,1.92,0.0134,0.0021,0.0007,0.0013
2532,1.92,2.97,0.0193,0.0017,0.0008,0.0015
2532,2.97,4.02,0.0212,0.0016,0.0004,0.0011
2532,4.02,4.88,0.0171,0.0008,0.0002,0.0008
2532,4.88,5.9,0.0144,0.0006,0.0001,0.0006
2532,5.9,7.09,0.0098,0.00042,0.00021,0.00045
2532,7.09,8.48,0.00761,0.00032,0.00016,0.00034
2532,8.48,11.0,0.00481,0.00017,5e-05,0.00019
2532,11.0,16.6,0.00218,7e-05,4e-05,9e-05
2532,16.6,22.8,0.000891,3.8e-05,1.2e-05,3.1e-05
2532,22.8,41.9,0.000246,9e-06,4e-06,8e-06
2534,1.0,1.92,0.0083,0.00147,0.00046,0.00081
2534,1.92,2.97,0.0166,0.0015,0.0007,0.0013
2534,2.97,4.02,0.0189,0.0014,0.0004,0.001
2534,4.02,4.88,0.015,0.0007,0.0002,0.0007
2534,4.88,5.9,0.0132,0.0005,0.0001,0.0006
2534,5.9,7.09,0.0104,0.0004,0.0002,0.0005
2534,7.09,8.48,0.00748,0.00027,8e-05,0.00031
2534,8.48,11.0,0.00446,0.00014,4e-05,0.00017
2534,11.0,16.6,0.00215,6e-05,2e-05,8e-05
2534,16.6,22.8,0.000896,3.3e-05,1.4e-05,3.2e-05
2534,22.8,41.9,0.000268,8e-06,4e-06,9e-06
2536,1.0,1.92,0.00805,0.00168,0.00041,0.00076
2536,1.92,2.97,0.0194,0.0018,0.0008,0.0015
2536,2.97,4.02,0.018,0.0017,0.0004,0.001
2536,4.02,4.88,0.0177,0.0009,0.0002,0.0008
2536,4.88,5.9,0.0135,0.0006,0.0001,0.0006
2536,5.9,7.09,0.0108,0.0005,0.0002,0.0005
2536,7.09,8.48,0.00753,0.00032,6e-05,0.0003
2536,8.48,11.0,0.0046,0.00017,6e-05,0.00018
2536,11.0,16.6,0.00216,7e-05,2e-05,8e-05
2536,16.6,22.8,0.000876,3.9e-05,1.7e-05,3.3e-05
2536,22.8,41.9,0.000278,1e-05,3e-06,9e-06
2538,1.0,1.92,0.0114,0.0024,0.0005,0.0011
2538,1.92,2.97,0.0188,0.002,0.0008,0.0015
2538,2.97,4.02,0.017,0.0018,0.0005,0.001
2538,4.02,4.88,0.0141,0.0008,0.0002,0.0007
2538,4.88,5.9,0.0137,0.0007,0.0001,0.0006
2538,5.9,7.09,0.0112,0.0005,0.0003,0.0005
2538,7.09,8.48,0.00782,0.00034,0.0001,0.00032
2538,8.48,11.0,0.00465,0.00018,6e-05,0.00018
2538,11.0,16.6,0.00221,8e-05,3e-05,8e-05
2538,16.6,22.8,0.000902,4e-05,1.3e-05,3.2e-05
2538,22.8,41.9,0.00026,1e-05,2e-06,8e-06
2539,1.0,1.92,0.0109,0.0017,0.0006,0.001
2539,1.92,2.97,0.0168,0.0015,0.0008,0.0014
2539,2.97,4.02,0.0192,0.0015,0.0004,0.001
2539,4.02,4.88,0.0158,0.0007,0.0002,0.0007
2539,4.88,5.9,0.0134,0.0005,0.0001,0.0006
2539,5.9,7.09,0.00995,0.00039,0.0002,0.00045
2539,7.09,8.48,0.00715,0.00027,0.0001,0.0003
2539,8.48,11.0,0.00498,0.00015,4e-05,0.00019
2539,11.0,16.6,0.00215,6e-05,3e-05,8e-05
2539,16.6,22.8,0.000866,3.3e-05,8e-06,2.9e-05
2539,22.8,41.9,0.000237,8e-06,4e-06,8e-06
2540,1.0,1.92,0.0116,0.0029,0.0006,0.0011
2540,1.92,2.97,0.0202,0.0025,0.0009,0.0016
2540,2.97,4.02,0.0144,0.0023,0.001,0.0012
2540,4.02,4.88,0.0155,0.0011,0.0002,0.0007
2540,4.88,5.9,0.0145,0.0009,0.0001,0.0006
2540,5.9,7.09,0.0108,0.0006,0.0002,0.0005
2540,7.09,8.48,0.00747,0.00041,0.00018,0.00035
2540,8.48,11.0,0.00496,0.00024,0.00011,0.00022
2540,11.0,16.6,0.00201,9e-05,4e-05,8e-05
2540,16.6,22.8,0.000907,5.2e-05,1e-05,3.1e-05
2540,22.8,41.9,0.000251,1.3e-05,4e-06,8e-06
2543,1.0,1.92,0.0106,0.0033,0.0006,0.001
2543,1.92,2.97,0.0182,0.0033,0.0009,0.0015
2543,2.97,4.02,0.0196,0.0029,0.0005,0.0011
2543,4.02,4.88,0.0189,0.0015,0.0005,0.001
2543,4.88,5.9,0.0153,0.0011,0.0002,0.0007
2543,5.9,7.09,0.0116,0.0008,0.0004,0.0007
2543,7.09,8.48,0.00843,0.00065,0.0004,0.00052
2543,8.48,11.0,0.00497,0.00032,0.00015,0.00024
2543,11.0,16.6,0.00237,0.00014,4e-05,9e-05
2543,16.6,22.8,0.000891,7e-05,1e-05,3e-05
2543,22.8,41.9,0.000258,1.8e-05,4e-06,9e-06
2544,1.0,1.92,0.0108,0.0017,0.0006,0.001
2544,1.92,2.97,0.0207,0.0016,0.0009,0.0017
2544,2.97,4.02,0.0162,0.0014,0.0005,0.0009
2544,4.02,4.88,0.015,0.0007,0.0002,0.0007
2544,4.88,5.9,0.0132,0.0005,0.0001,0.0006
2544,5.9,7.09,0.0112,0.0004,0.0002,0.0005
2544,7.09,8.48,0.00762,0.00027,0.00012,0.00032
2544,8.48,11.0,0.0047,0.00015,5e-05,0.00018
2544,11.0,16.6,0.00221,6e-05,2e-05,8e-05
2544,16.6,22.8,0.000891,3.3e-05,1.2e-05,3.1e-05
2544,22.8,41.9,0.00025,8e-06,3e-06,8e-06
2545,1.0,1.92,0.0112,0.002,0.0006,0.0011
2545,1.92,2.97,0.0184,0.0017,0.0008,0.0015
2545,2.97,4.02,0.0214,0.0016,0.0003,0.0011
2545,4.02,4.88,0.0162,0.0008,0.0002,0.0007
2545,4.88,5.9,0.0148,0.0006,0.0001,0.0007
2545,5.9,7.09,0.0111,0.0004,0.0002,0.0005
2545,7.09,8.48,0.00696,0.00028,0.00013,0.0003
2545,8.48,11.0,0.00485,0.00016,5e-05,0.00019
2545,11.0,16.6,0.00225,7e-05,2e-05,8e-05
2545,16.6,22.8,0.0009,3.5e-05,1.7e-05,3.4e-05
2545,22.8,41.9,0.000259,9e-06,5e-06,9e-06
2546,1.0,1.92,0.00976,0.00191,0.0005,0.00093
2546,1.92,2.97,0.0169,0.0017,0.0007,0.0013
2546,2.97,4.02,0.0174,0.0017,0.0005,0.001
2546,4.02,4.88,0.0158,0.0007,0.0001,0.0007
2546,4.88,5.9,0.0139,0.0006,0.0001,0.0006
2546,5.9,7.09,0.0109,0.0004,0.0004,0.0006
2546,7.09,8.48,0.00764,0.00029,0.00011,0.00032
2546,8.48,11.0,0.00483,0.00016,8e-05,0.0002
2546,11.0,16.6,0.00218,7e-05,2e-05,8e-05
2546,16.6,22.8,0.000961,3.6e-05,1.5e-05,3.4e-05
2546,22.8,41.9,0.00025,8e-06,4e-06,8e-06
2547,1.0,1.92,0.0147,0.0025,0.0008,0.0014
2547,1.92,2.97,0.0177,0.0018,0.0008,0.0014
2547,2.97,4.02,0.0157,0.0016,0.0005,0.0009
2547,4.02,4.88,0.0165,0.0008,0.0002,0.0008
2547,4.88,5.9,0.0139,0.0006,0.0001,0.0006
2547,5.9,7.09,0.011,0.0004,0.0002,0.0005
2547,7.09,8.48,0.0077,0.00029,7e-05,0.00031
2547,8.48,11.0,0.00483,0.00016,5e-05,0.00019
2547,11.0,16.6,0.00215,7e-05,3e-05,8e-05
2547,16.6,22.8,0.000937,3.6e-05,1.6e-05,3.4e-05
2547,22.8,41.9,0.000246,8e-06,5e-06,9e-06
2548,1.0,1.92,0.0095,0.00245,0.00059,0.00096
2548,1.92,2.97,0.0172,0.0021,0.0008,0.0014
2548,2.97,4.02,0.0201,0.0022,0.0005,0.0011
2548,4.02,4.88,0.0165,0.001,0.0002,0.0008
2548,4.88,5.9,0.014,0.0007,0.0001,0.0006
2548,5.9,7.09,0.0111,0.0005,0.0002,0.0005
2548,7.09,8.48,0.00758,0.00037,0.00012,0.00032
2548,8.48,11.0,0.00517,0.00021,7e-05,0.00021
2548,11.0,16.6,0.00212,8e-05,2e-05,8e-05
2548,16.6,22.8,0.000889,4.4e-05,2.2e-05,3.6e-05
2548,22.8,41.9,0.000272,1.2e-05,5e-06,9e-06
2552,1.0,1.92,0.0106,0.0025,0.0006,0.001
2552,1.92,2.97,0.017,0.0021,0.0008,0.0014
2552,2.97,4.02,0.0183,0.0021,0.0005,0.001
2552,4.02,4.88,0.0157,0.001,0.0002,0.0007
2552,4.88,5.9,0.0138,0.0008,0.0002,0.0006
2552,5.9,7.09,0.0117,0.0006,0.0003,0.0005
2552,7.09,8.48,0.00816,0.00041,0.00017,0.00036
2552,8.48,11.0,0.0047,0.00021,7e-05,0.00019
2552,11.0,16.6,0.00233,0.0001,4e-05,9e-05
2552,16.6,22.8,0.000897,4.9e-05,1.8e-05,3.4e-05
2552,22.8,41.9,0.000257,1.2e-05,4e-06,9e-06
2553,1.0,1.92,0.0123,0.0022,0.0006,0.0012
2553,1.92,2.97,0.0158,0.0018,0.0007,0.0013
2553,2.97,4.02,0.0151,0.0019,0.0007,0.001
2553,4.02,4.88,0.0161,0.0008,0.0002,0.0008
2553,4.88,5.9,0.0142,0.0007,0.0001,0.0006
2553,5.9,7.09,0.0102,0.0005,0.0003,0.0005
2553,7.09,8.48,0.00827,0.00034,0.0002,0.00038
2553,8.48,11.0,0.00482,0.00018,6e-05,0.00019
2553,11.0,16.6,0.00228,8e-05,3e-05,8e-05
2553,16.6,22.8,0.000896,4e-05,2.1e-05,3.6e-05
2553,22.8,41.9,0.000258,1e-05,4e-06,9e-06
2554,1.0,1.92,0.0118,0.002,0.0006,0.0011
2554,1.92,2.97,0.0197,0.0018,0.0009,0.0016
2554,2.97,4.02,0.0193,0.0018,0.0005,0.0011
2554,4.02,4.88,0.0156,0.0008,0.0002,0.0007
2554,4.88,5.9,0.0148,0.0007,0.0001,0.0007
2554,5.9,7.09,0.011,0.0005,0.0002,0.0005
2554,7.09,8.48,0.00789,0.00032,0.00012,0.00034
2554,8.48,11.0,0.0049,0.00017,5e-05,0.00019
2554,11.0,16.6,0.00222,7e-05,3e-05,8e-05
2554,16.6,22.8,0.000962,3.9e-05,1.4e-05,3.4e-05
2554,22.8,41.9,0.000252,9e-06,5e-06,9e-06
2555,1.0,1.92,0.011,0.0018,0.0006,0.001
2555,1.92,2.97,0.0143,0.0016,0.0007,0.0012
2555,2.97,4.02,0.0148,0.0016,0.0005,0.0008
2555,4.02,4.88,0.0148,0.0008,0.0002,0.0007
2555,4.88,5.9,0.0136,0.0006,0.0001,0.0006
2555,5.9,7.09,0.0101,0.0004,0.0002,0.0005
2555,7.09,8.48,0.00789,0.00031,0.00014,0.00034
2555,8.48,11.0,0.00477,0.00017,7e-05,0.00019
2555,11.0,16.6,0.00219,7e-05,2e-05,8e-05
2555,16.6,22.8,0.000812,3.5e-05,1.6e-05,3.1e-05
2555,22.8,41.9,0.00024,9e-06,4e-06,8e-06
2556,1.0,1.92,0.0112,0.0018,0.0006,0.0011
2556,1.92,2.97,0.0162,0.0015,0.0007,0.0013
2556,2.97,4.02,0.0165,0.0015,0.0004,0.0009
2556,4.02,4.88,0.0161,0.0007,0.0002,0.0007
2556,4.88,5.9,0.0131,0.0006,0.0001,0.0006
2556,5.9,7.09,0.0108,0.0004,0.0002,0.0005
2556,7.09,8.48,0.00735,0.00028,0.0001,0.00031
2556,8.48,11.0,0.00458,0.00015,6e-05,0.00018
2556,11.0,16.6,0.00208,6e-05,2e-05,8e-05
2556,16.6,22.8,0.000868,3.3e-05,1.5e-05,3.2e-05
2556,22.8,41.9,0.000254,9e-06,4e-06,9e-06
2557,1.0,1.92,0.00943,0.00159,0.00046,0.00089
2557,1.92,2.97,0.0153,0.0015,0.0007,0.0012
2557,2.97,4.02,0.0172,0.0016,0.0004,0.0009
2557,4.02,4.88,0.0155,0.0007,0.0002,0.0007
2557,4.88,5.9,0.013,0.0006,0.0001,0.0006
2557,5.9,7.09,0.00995,0.0004,0.00022,0.00047
2557,7.09,8.48,0.0074,0.00028,0.00012,0.00032
2557,8.48,11.0,0.00435,0.00015,5e-05,0.00017
2557,11.0,16.6,0.00215,6e-05,2e-05,8e-05
2557,16.6,22.8,0.000864,3.4e-05,1.2e-05,3e-05
2557,22.8,41.9,0.000255,9e-06,3e-06,8e-06
2558,1.0,1.92,0.0111,0.0022,0.0005,0.001
2558,1.92,2.97,0.0162,0.0018,0.0007,0.0013
2558,2.97,4.02,0.0153,0.0018,0.0004,0.0009
2558,4.02,4.88,0.0156,0.0008,0.0002,0.0007
2558,4.88,5.9,0.0127,0.0006,0.0001,0.0006
2558,5.9,7.09,0.0111,0.0005,0.0003,0.0005
2558,7.09,8.48,0.00757,0.00032,0.0002,0.00036
2558,8.48,11.0,0.00425,0.00017,7e-05,0.00018
2558,11.0,16.6,0.00218,7e-05,3e-05,8e-05
2558,16.6,22.8,0.000915,3.9e-05,1.4e-05,3.3e-05
2558,22.8,41.9,0.000254,1e-05,4e-06,9e-06
2559,1.0,1.92,0.0122,0.0023,0.0006,0.0012
2559,1.92,2.97,0.0147,0.0017,0.0007,0.0012
2559,2.97,4.02,0.0165,0.0017,0.0004,0.0009
2559,4.02,4.88,0.0144,0.0008,0.0002,0.0007
2559,4.88,5.9,0.0136,0.0006,0.0001,0.0006
2559,5.9,7.09,0.0108,0.0005,0.0002,0.0005
2559,7.09,8.48,0.00732,0.00031,0.0001,0.00031
2559,8.48,11.0,0.00469,0.00018,7e-05,0.00019
2559,11.0,16.6,0.00221,8e-05,3e-05,8e-05
2559,16.6,22.8,0.000813,3.7e-05,1.1e-05,2.8e-05
2559,22.8,41.9,0.000276,1e-05,2e-06,8e-06
2560,1.0,1.92,0.0117,0.0021,0.0006,0.0011
2560,1.92,2.97,0.0183,0.0019,0.0008,0.0015
2560,2.97,4.02,0.0174,0.0018,0.0005,0.001
2560,4.02,4.88,0.0152,0.0008,0.0002,0.0007
2560,4.88,5.9,0.0145,0.0007,0.0001,0.0006
2560,5.9,7.09,0.0108,0.0005,0.0002,0.0005
2560,7.09,8.48,0.00876,0.00035,0.00012,0.00037
2560,8.48,11.0,0.00472,0.00017,7e-05,0.00019
2560,11.0,16.6,0.00226,8e-05,4e-05,9e-05
2560,16.6,22.8,0.000978,4.1e-05,1.8e-05,3.6e-05
2560,22.8,41.9,0.000254,1e-05,4e-06,8e-06
2561,1.0,1.92,0.00617,0.00176,0.00035,0.00061
2561,1.92,2.97,0.0186,0.0021,0.0008,0.0015
2561,2.97,4.02,0.0166,0.0019,0.0005,0.0009
2561,4.02,4.88,0.015,0.0009,0.0003,0.0007
2561,4.88,5.9,0.0124,0.0007,0.0001,0.0005
2561,5.9,7.09,0.0107,0.0005,0.0003,0.0005
2561,7.09,8.48,0.00702,0.00034,0.00015,0.00032
2561,8.48,11.0,0.00456,0.00019,5e-05,0.00018
2561,11.0,16.6,0.00215,8e-05,3e-05,8e-05
2561,16.6,22.8,0.000973,4.4e-05,1.6e-05,3.5e-05
2561,22.8,41.9,0.000259,1.1e-05,5e-06,9e-06
2562,1.0,1.92,0.011,0.0022,0.0005,0.001
2562,1.92,2.97,0.0181,0.002,0.0008,0.0014
2562,2.97,4.02,0.0168,0.0019,0.0005,0.001
2562,4.02,4.88,0.0151,0.0009,0.0002,0.0007
2562,4.88,5.9,0.0148,0.0008,0.0002,0.0007
2562,5.9,7.09,0.0101,0.0005,0.0002,0.0005
2562,7.09,8.48,0.00817,0.00039,0.0002,0.00038
2562,8.48,11.0,0.00494,0.00021,8e-05,0.0002
2562,11.0,16.6,0.00226,9e-05,4e-05,9e-05
2562,16.6,22.8,0.000861,4.3e-05,1.8e-05,3.3e-05
2562,22.8,41.9,0.000255,1.1e-05,5e-06,9e-06
2563,1.0,1.92,0.0124,0.0029,0.0006,0.0012
2563,1.92,2.97,0.0147,0.0021,0.0007,0.0012
2563,2.97,4.02,0.0174,0.0019,0.0003,0.0009
2563,4.02,4.88,0.0167,0.001,0.0002,0.0008
2563,4.88,5.9,0.0127,0.0008,0.0002,0.0006
2563,5.9,7.09,0.0104,0.0006,0.0002,0.0005
2563,7.09,8.48,0.00826,0.00042,0.00016,0.00036
2563,8.48,11.0,0.00492,0.00023,8e-05,0.0002
2563,11.0,16.6,0.00207,9e-05,4e-05,8e-05
2563,16.6,22.8,0.000904,4.9e-05,1.5e-05,3.3e-05
2563,22.8,41.9,0.000258,1.2e-05,6e-06,1e-05
2564,1.0,1.92,0.00876,0.00176,0.00043,0.00082
2564,1.92,2.97,0.017,0.0017,0.0008,0.0014
2564,2.97,4.02,0.0166,0.0017,0.0004,0.0009
2564,4.02,4.88,0.0139,0.0008,0.0002,0.0007
2564,4.88,5.9,0.0129,0.0006,0.0001,0.0006
2564,5.9,7.09,0.00905,0.00045,0.00024,0.00044
2564,7.09,8.48,0.00681,0.00032,0.0001,0.00029
2564,8.48,11.0,0.0047,0.00018,4e-05,0.00018
2564,11.0,16.6,0.00217,8e-05,3e-05,8e-05
2564,16.6,22.8,0.000816,3.9e-05,2e-05,3.3e-05
2564,22.8,41.9,0.000257,1e-05,5e-06,9e-06
2565,1.0,1.92,0.009,0.00203,0.00048,0.00086
2565,1.92,2.97,0.0158,0.0018,0.0007,0.0013
2565,2.97,4.02,0.0171,0.0018,0.0004,0.0009
2565,4.02,4.88,0.0158,0.0008,0.0002,0.0007
2565,4.88,5.9,0.0136,0.0007,0.0001,0.0006
2565,5.9,7.09,0.0105,0.0005,0.0002,0.0005
2565,7.09,8.48,0.00726,0.00033,9e-05,0.0003
2565,8.48,11.0,0.00481,0.00018,7e-05,0.0002
2565,11.0,16.6,0.00214,8e-05,3e-05,8e-05
2565,16.6,22.8,0.000822,3.8e-05,1.1e-05,2.9e-05
2565,22.8,41.9,0.000252,1e-05,3e-06,8e-06
2566,1.0,1.92,0.0119,0.0025,0.0006,0.0012
2566,1.92,2.97,0.0155,0.0019,0.0007,0.0012
2566,2.97,4.02,0.0185,0.002,0.0004,0.001
2566,4.02,4.88,0.0139,0.0009,0.0002,0.0006
2566,4.88,5.9,0.0121,0.0007,0.0002,0.0005
2566,5.9,7.09,0.0118,0.0006,0.0003,0.0006
2566,7.09,8.48,0.00728,0.00037,0.00018,0.00034
2566,8.48,11.0,0.00487,0.00021,7e-05,0.0002
2566,11.0,16.6,0.00216,9e-05,3e-05,8e-05
2566,16.6,22.8,0.000859,4.5e-05,1.3e-05,3.1e-05
2566,22.8,41.9,0.000258,1.1e-05,3e-06,8e-06
2567,1.0,1.92,0.0109,0.0027,0.0006,0.001
2567,1.92,2.97,0.0209,0.0024,0.0009,0.0016
2567,2.97,4.02,0.0149,0.0023,0.0006,0.001
2567,4.02,4.88,0.0133,0.001,0.0002,0.0006
2567,4.88,5.9,0.0132,0.0008,0.0001,0.0006
2567,5.9,7.09,0.0104,0.0006,0.0003,0.0005
2567,7.09,8.48,0.00662,0.0004,0.00024,0.00035
2567,8.48,11.0,0.00466,0.00023,7e-05,0.00019
2567,11.0,16.6,0.00206,9e-05,5e-05,9e-05
2567,16.6,22.8,0.000899,5.2e-05,1.3e-05,3.2e-05
2567,22.8,41.9,0.000263,1.3e-05,6e-06,1e-05
2568,1.0,1.92,0.0148,0.003,0.0008,0.0014
2568,1.92,2.97,0.0178,0.002,0.0008,0.0014
2568,2.97,4.02,0.0186,0.002,0.0004,0.001
2568,4.02,4.88,0.0154,0.0009,0.0002,0.0007
2568,4.88,5.9,0.0123,0.0007,0.0002,0.0006
2568,5.9,7.09,0.0102,0.0005,0.0003,0.0005
2568,7.09,8.48,0.00782,0.00035,0.00012,0.00033
2568,8.48,11.0,0.00449,0.00018,5e-05,0.00018
2568,11.0,16.6,0.00213,8e-05,4e-05,8e-05
2568,16.6,22.8,0.000853,4.1e-05,1.8e-05,3.3e-05
2568,22.8,41.9,0.000298,1.2e-05,3e-06,9e-06
2569,1.0,1.92,0.0129,0.0025,0.0007,0.0012
2569,1.92,2.97,0.0175,0.0019,0.0008,0.0014
2569,2.97,4.02,0.0185,0.0018,0.0004,0.001
2569,4.02,4.88,0.0141,0.0008,0.0002,0.0007
2569,4.88,5.9,0.0139,0.0006,0.0001,0.0006
2569,5.9,7.09,0.00964,0.00044,0.0002,0.00044
2569,7.09,8.48,0.00726,0.00031,0.0001,0.0003
2569,8.48,11.0,0.0048,0.00018,0.00011,0.00021
2569,11.0,16.6,0.00236,8e-05,2e-05,9e-05
2569,16.6,22.8,0.000909,4e-05,2.8e-05,4.1e-05
2569,22.8,41.9,0.000232,9e-06,4e-06,8e-06
2570,1.0,1.92,0.0116,0.0023,0.0006,0.0011
2570,1.92,2.97,0.0213,0.0019,0.0009,0.0017
2570,2.97,4.02,0.0164,0.0016,0.0004,0.0009
2570,4.02,4.88,0.0175,0.0008,0.0002,0.0008
2570,4.88,5.9,0.0136,0.0006,0.0001,0.0006
2570,5.9,7.09,0.0105,0.0004,0.0002,0.0005
2570,7.09,8.48,0.00707,0.00028,9e-05,0.0003
2570,8.48,11.0,0.00439,0.00015,4e-05,0.00017
2570,11.0,16.6,0.00207,6e-05,2e-05,8e-05
2570,16.6,22.8,0.000833,3.5e-05,1.5e-05,3.1e-05
2570,22.8,41.9,0.000264,9e-06,3e-06,8e-06
2571,1.0,1.92,0.00888,0.00232,0.00049,0.00086
2571,1.92,2.97,0.0182,0.002,0.0008,0.0014
2571,2.97,4.02,0.0161,0.0018,0.0004,0.0009
2571,4.02,4.88,0.0145,0.0008,0.0002,0.0007
2571,4.88,5.9,0.0133,0.0006,0.0001,0.0006
2571,5.9,7.09,0.0103,0.0004,0.0002,0.0005
2571,7.09,8.48,0.0076,0.00032,0.00015,0.00034
2571,8.48,11.0,0.00457,0.00017,6e-05,0.00018
2571,11.0,16.6,0.00229,7e-05,3e-05,9e-05
2571,16.6,22.8,0.000979,4.2e-05,2.9e-05,4.3e-05
2571,22.8,41.9,0.000255,1e-05,5e-06,9e-06
2572,1.0,1.92,0.00836,0.00202,0.0004,0.00078
2572,1.92,2.97,0.0175,0.002,0.0008,0.0014
2572,2.97,4.02,0.0147,0.0018,0.0004,0.0008
2572,4.02,4.88,0.0149,0.0008,0.0002,0.0007
2572,4.88,5.9,0.0109,0.0006,0.0001,0.0005
2572,5.9,7.09,0.00963,0.00045,0.00021,0.00045
2572,7.09,8.48,0.00768,0.00034,0.00011,0.00032
2572,8.48,11.0,0.00459,0.00018,8e-05,0.00019
2572,11.0,16.6,0.00215,8e-05,3e-05,8e-05
2572,16.6,22.8,0.000928,4.2e-05,1e-05,3.2e-05
2572,22.8,41.9,0.000262,1.1e-05,4e-06,9e-06
2573,1.0,1.92,0.00998,0.00205,0.0005,0.00094
2573,1.92,2.97,0.0135,0.0016,0.0006,0.0011
2573,2.97,4.02,0.0151,0.0016,0.0004,0.0008
2573,4.02,4.88,0.0144,0.0007,0.0002,0.0007
2573,4.88,5.9,0.0122,0.0006,0.0001,0.0005
2573,5.9,7.09,0.00935,0.0004,0.00019,0.00043
2573,7.09,8.48,0.00695,0.00029,0.00011,0.00029
2573,8.48,11.0,0.00449,0.00016,7e-05,0.00018
2573,11.0,16.6,0.00222,7e-05,3e-05,8e-05
2573,16.6,22.8,0.000848,3.5e-05,1.2e-05,3e-05
2573,22.8,41.9,0.000241,9e-06,4e-06,8e-06
2574,1.0,1.92,0.0102,0.0019,0.0005,0.001
2574,1.92,2.97,0.0151,0.0015,0.0007,0.0012
2574,2.97,4.02,0.0148,0.0015,0.0003,0.0008
2574,4.02,4.88,0.0136,0.0007,0.0002,0.0006
2574,4.88,5.9,0.0125,0.0005,0.0001,0.0006
2574,5.9,7.09,0.00966,0.00038,0.00016,0.00043
2574,7.09,8.48,0.00678,0.00026,8e-05,0.00028
2574,8.48,11.0,0.00436,0.00015,5e-05,0.00017
2574,11.0,16.6,0.00223,7e-05,2e-05,8e-05
2574,16.6,22.8,0.000881,3.4e-05,9e-06,3e-05
2574,22.8,41.9,0.000266,9e-06,4e-06,9e-06
2575,1.0,1.92,0.0135,0.0022,0.0007,0.0013
2575,1.92,2.97,0.0171,0.0016,0.0008,0.0014
2575,2.97,4.02,0.0147,0.0014,0.0004,0.0008
2575,4.02,4.88,0.0142,0.0007,0.0002,0.0007
2575,4.88,5.9,0.013,0.0006,0.0001,0.0006
2575,5.9,7.09,0.00903,0.00038,0.00018,0.00042
2575,7.09,8.48,0.00713,0.00028,0.0001,0.0003
2575,8.48,11.0,0.0045,0.00016,5e-05,0.00018
2575,11.0,16.6,0.00215,7e-05,2e-05,8e-05
2575,16.6,22.8,0.00087,3.6e-05,1.8e-05,3.3e-05
2575,22.8,41.9,0.000267,1e-05,5e-06,9e-06
